"1";"-14.6220838";"-57.4888008"
"2";"-16.4352033";"-54.6206485"
"3";"-15.6776408";"-58.0982095"
"4";"-25.5405141";"-49.2001612"
"5";"-15.6134459";"-56.1054941"
"6";"-15.8414488";"-54.3887597"
"7";"-15.6150014";"-56.0493853"
"8";"-15.8808537";"-52.2644218"
"9";"-15.8628421";"-56.0792473"
"10";"-15.5382071";"-56.0715703"
"11";"-15.5660667";"-54.299345"
"12";"-15.646248";"-56.1327131"
"13";"-15.6351184";"-56.0158313"
"14";"-12.1254939";"-58.0067574"
"15";"-15.5741099";"-56.0465859"
"16";"-15.6092296";"-56.1048138"
"17";"-15.5885727";"-56.0924397"
"18";"-15.6154191";"-56.0311693"
"19";"-20.4388804";"-54.5915387"
"20";"-9.8954472";"-56.085933"
"21";"-15.5849932";"-56.0780292"
"22";"-13.6601214";"-57.8829474"
"23";"-9.4472624";"-59.2186074"
"24";"-10.050833";"-54.931944"
"25";"-12.5429456";"-55.7215367"
"26";"-9.8671497";"-56.0871877"
"27";"-15.6108438";"-56.0880884"
"28";"-11.2643343";"-57.5249381"
"29";"-15.4647751";"-55.7503491"
"30";"-11.4228437";"-58.7571962"
"31";"-10.2439058";"-54.9919731"
"32";"-15.8808537";"-52.2644218"
"33";"-15.646248";"-56.1327131"
"34";"-15.5997861";"-56.1223125"
"35";"-15.62446";"-56.0793607"
"36";"-16.0768443";"-57.6823043"
"37";"-15.0631554";"-57.1912648"
"38";"-11.8442359";"-55.5243561"
"39";"-11.8446251";"-55.515116"
"40";"-6.0151371";"-37.4051555"
"41";"-5.8609832";"-35.2313307"
"42";"-6.3998855";"-38.3243628"
"43";"-5.7792569";"-35.200916"
"44";"-5.9227664";"-35.2651891"
"45";"-5.2306872";"-37.3191541"
"46";"-4.9812276";"-37.1535999"
"47";"-5.857639";"-35.2099646"
"48";"-6.0777029";"-35.2420083"
"49";"-6.2678352";"-35.2082203"
"50";"-6.6851379";"-36.658861"
"51";"-5.8158542";"-35.207914"
"52";"-5.1259998";"-35.6409333"
"53";"-6.2312893";"-35.0485945"
"54";"-6.1230443";"-36.8229544"
"55";"-5.82379";"-35.200517"
"56";"-5.9139155";"-35.2612587"
"57";"-6.087873";"-37.9119176"
"58";"-5.9827766";"-37.8183701"
"59";"-5.7761255";"-35.2052496"
"60";"-5.7792569";"-35.200916"
"61";"-5.9644355";"-36.0801217"
"62";"-5.783064";"-35.2063437"
"63";"-5.7914466";"-35.21559"
"64";"-5.7842632";"-37.5589657"
"65";"-6.475518";"-35.4289332"
"66";"-6.6853119";"-36.6569553"
"67";"-6.4122406";"-36.7878389"
"68";"-5.1886804";"-37.3403256"
"69";"-6.6607092";"-37.3999369"
"70";"-5.201591";"-37.3507698"
"71";"-5.7853605";"-35.1914893"
"72";"-15.4835775";"-44.361793"
"73";"-5.6936182";"-36.2473651"
"74";"-6.2301151";"-36.0237917"
"75";"-5.2822496";"-36.7503003"
"76";"-5.8138281";"-35.2404577"
"77";"-5.1729506";"-37.354813"
"78";"-5.9937675";"-37.9485771"
"79";"-5.8006884";"-35.2138741"
"80";"-5.1731559";"-37.3538286"
"81";"-5.8641212";"-37.3101297"
"82";"-5.8690608";"-35.2100637"
"83";"-5.7423061";"-35.2121422"
"84";"-6.2624222";"-36.514892"
85;"-6.579520";"-36.803699"
"86";"-6.3112725";"-35.7070016"
"87";"-6.4062835";"-38.3902094"
"88";"-6.4360028";"-35.2198553"
"89";"-5.8529659";"-35.3530163"
"90";"-5.8397474";"-35.2743449"
"91";"-6.4122406";"-36.7878389"
"92";"-5.5775134";"-36.9147871"
"93";"-5.1870023";"-40.6650005"
"94";"-13.370923";"-39.0729052"
"95";"-13.6912771";"-39.4765398"
"96";"-17.7337667";"-39.2652781"
"97";"-16.3719674";"-39.5824893"
"98";"-16.3618429";"-39.5915178"
"99";"-16.2825282";"-39.0236206"
"100";"-16.4444174";"-39.0653461"
"101";"-16.4444174";"-39.0653461"
"102";"-16.4444174";"-39.0653461"
"103";"-15.958491";"-39.5199404"
"104";"-17.9007687";"-39.3716736"
"105";"-16.4472781";"-39.0680998"
"106";"-15.6752864";"-38.9469405"
"107";"-14.7921662";"-39.0443376"
"108";"-14.8134089";"-39.0335596"
"109";"-14.7984439";"-39.033184"
"110";"-14.8218332";"-39.0332097"
"111";"-14.7880327";"-39.2784178"
"112";"-14.7880327";"-39.2784178"
"113";"-14.2785914";"-38.9941555"
"114";"-12.9738653";"-38.5084825"
"115";"-12.6971776";"-38.3331983"
"116";"-12.6641991";"-38.5440854"
"117";"-12.6150532";"-38.3198"
"118";"-12.8936528";"-38.6803036"
"119";"-12.8820575";"-38.3148204"
"120";"-12.9005751";"-38.3435746"
"121";"-12.9722286";"-38.5014201"
"122";"-12.8998355";"-38.4737888"
"123";"-12.9847843";"-38.5209329"
"124";"-12.9339317";"-38.3713575"
"125";"-12.9484865";"-38.4609651"
"126";"-12.9355864";"-38.3609328"
"127";"-12.987493";"-38.5075296"
"128";"-12.9854477";"-38.502216"
"129";"-12.8996546";"-38.3898142"
"130";"-12.9817455";"-38.5132506"
"131";"-13.0100794";"-38.5316617"
"132";"-13.0031758";"-38.5099557"
"133";"-12.9722286";"-38.5014201"
"134";"-12.9731941";"-38.4172536"
"135";"-13.0152081";"-38.4880595"
"136";"-12.9664707";"-38.5057205"
"137";"-12.9925709";"-38.4889345"
"138";"-12.996631";"-38.4945336"
"139";"-13.0014285";"-38.5004416"
"140";"-12.9722286";"-38.5014201"
"141";"-12.7879";"-38.3967928"
142;"-13.022935";"-38.715874"
"143";"-12.1339689";"-38.4211223"
"144";"-12.1339689";"-38.4211223"
"145";"-11.5620536";"-37.7856179"
"146";"-12.5311308";"-38.3012477"
"147";"-12.1495827";"-38.6490673"
"148";"-12.1513989";"-45.0001968"
"149";"-12.5998884";"-38.9590506"
"150";"-12.5998884";"-38.9590506"
"151";"-12.552925";"-38.6984702"
"152";"-12.5476514";"-38.7140324"
"153";"-12.6187909";"-38.6789542"
"154";"-14.8350076";"-41.3907803"
"155";"-10.4603119";"-40.1872681"
"156";"-8.8494929";"-38.7679022"
"157";"-9.3976247";"-38.2237071"
"158";"-10.5829269";"-38.612443"
"159";"-10.5081846";"-39.0156395"
"160";"-10.0689082";"-38.3474442"
"161";"-10.6793131";"-38.2822178"
"162";"-11.3117671";"-38.4213982"
"163";"-9.7326989";"-38.1212798"
"164";"-12.2597272";"-38.9646608"
"165";"-12.0823979";"-38.9062235"
"166";"-12.2608958";"-38.9328828"
"167";"-12.2830171";"-38.9468225"
"168";"-12.0459549";"-38.7659919"
"169";"-12.283333";"-39.233333"
"170";"-12.4350209";"-38.9507919"
"171";"-11.5603908";"-39.2811841"
"172";"-11.5603908";"-39.2811841"
"173";"-10.4378428";"-39.3324332"
"174";"-10.4378428";"-39.3324332"
"175";"-10.9739942";"-39.6297064"
"176";"-15.4346518";"-39.3290413"
"177";"-11.4468467";"-39.520802"
"178";"-12.9722286";"-38.5014201"
"179";"-10.3486426";"-39.8395025"
"180";"-10.5109792";"-40.3203958"
"181";"-9.9005611";"-39.147413"
"182";"-8.9962177";"-39.905785"
"183";"-9.4166382";"-40.5036161"
"184";"-9.6241649";"-42.0818658"
"185";"-9.6257013";"-42.086128"
"186";"-11.1354374";"-42.1114915"
"187";"-11.3825748";"-41.8292527"
"188";"-11.1354374";"-42.1114915"
"189";"-11.3801768";"-40.0068953"
"190";"-11.1816506";"-40.5120603"
"191";"-23.3584639";"-51.1420386"
"192";"-12.8053595";"-41.3300345"
"193";"-12.5637527";"-41.3907233"
"194";"-11.5492393";"-41.1568342"
"195";"-11.5492393";"-41.1568342"
"196";"-11.5492393";"-41.1568342"
"197";"-12.5063062";"-41.5812642"
"198";"-12.5063062";"-41.5812642"
"199";"-13.1509374";"-41.7757214"
"200";"-19.9397554";"-43.9439854"
"201";"-12.4187256";"-41.7680773"
"202";"-11.9600827";"-40.1679247"
"203";"-12.1598071";"-39.7394538"
"204";"-11.6077589";"-39.6293259"
"205";"-11.8121508";"-39.9012218"
"206";"-12.5246251";"-40.3062643"
"207";"-21.7554299";"-43.3527137"
"208";"-11.8479179";"-40.7930265"
"209";"-9.4053091";"-38.2072747"
"210";"-11.0013793";"-44.5219787"
"211";"-14.1818073";"-44.5356256"
"212";"-13.3863099";"-44.2014584"
"213";"-13.3863099";"-44.2014584"
"214";"-11.8072233";"-39.3845745"
"215";"-13.2510143";"-43.4111487"
"216";"-13.2510143";"-43.4111487"
"217";"-12.1783127";"-43.2170814"
"218";"-12.6926068";"-43.1849635"
"219";"-12.8228238";"-42.7308067"
"220";"-13.0184903";"-42.6946055"
"221";"-15.2479941";"-40.2486071"
"222";"49.9851375";"15.7175753"
"223";"-13.435917";"-40.4327027"
"224";"-13.2289499";"-39.503741"
"225";"-13.2693777";"-39.6618906"
"226";"-14.865949";"-40.5778537"
"227";"-14.8619237";"-40.8445346"
"228";"-14.8619237";"-40.8445346"
"229";"-14.8619177";"-40.8184267"
"230";"-14.8619237";"-40.8445346"
"231";"-14.8591459";"-40.8316295"
"232";"-14.32554";"-39.4671619"
"233";"-14.1338691";"-39.7361776"
"234";"-22.9982079";"-46.8504537"
"235";"-13.8549772";"-40.0838796"
"236";"-14.148071";"-40.2402642"
"237";"-14.2025791";"-41.6699736"
"238";"-15.9253848";"-48.8095466"
"239";"-14.068872";"-42.4865213"
"240";"-13.655248";"-41.8436334"
"241";"-14.4075968";"-42.0724884"
"242";"-9.6586051";"-35.7452944"
"243";"-9.6498487";"-35.7089492"
"244";"-9.2560291";"-36.2986622"
"245";"-9.406106";"-36.6331433"
"246";"-9.624019";"-35.7277456"
"247";"-9.6498487";"-35.7089492"
"248";"-9.6575898";"-35.7172016"
"249";"-9.6498487";"-35.7089492"
"250";"-9.6041272";"-35.8235202"
"251";"-10.1853206";"-36.8378849"
"252";"-9.5388261";"-36.6372415"
"253";"-9.9084342";"-36.3597871"
"254";"-9.6357563";"-35.7912339"
"255";"-10.128324";"-36.1721952"
"256";"-9.8333371";"-36.7415897"
"257";"-9.6435091";"-36.2128258"
"258";"-9.6176054";"-35.7349034"
"259";"-9.3913187";"-36.7647395"
"260";"-8.9786543";"-35.9376497"
"261";"-9.2636738";"-37.9339924"
"262";"-8.0704933";"-34.9189597"
"263";"-9.389083";"-40.5030961"
"264";"-8.0475458";"-34.8769621"
"265";"-7.9821907";"-38.2893787"
"266";"-8.0475458";"-34.8769621"
"267";"-7.9907141";"-34.8416216"
"268";"-8.1072408";"-34.9093086"
"269";"-8.0475458";"-34.8769621"
"270";"-8.0475458";"-34.8769621"
"271";"-9.1116773";"-37.1229544"
"272";"-7.9888473";"-34.8679347"
"273";"-7.5846909";"-37.5381606"
"274";"-8.0475458";"-34.8769621"
"275";"-8.0475458";"-34.8769621"
"276";"-7.7419043";"-35.2196142"
"277";"-8.2990867";"-35.9778311"
"278";"-7.7419043";"-35.2196142"
"279";"-8.0475458";"-34.8769621"
"280";"-7.8292242";"-34.9016204"
"281";"-8.2825977";"-35.0256088"
"282";"-7.563152";"-35.0131308"
"283";"-8.1196004";"-34.9623493"
"284";"-7.6037682";"-35.2303369"
"285";"-8.0518003";"-34.9093086"
"286";"-7.7890434";"-35.0924127"
"287";"-8.119456";"-35.0168977"
"288";"-8.0475458";"-34.8769621"
"289";"-8.0475458";"-34.8769621"
"290";"-8.0475458";"-34.8769621"
"291";"-8.0239207";"-34.9784672"
"292";"-8.0239207";"-34.9784672"
"293";"-8.2894671";"-36.0098044"
"294";"-8.2825977";"-35.0256088"
"295";"-8.3417597";"-36.8351672"
"296";"-7.5040479";"-39.7241457"
"297";"-7.6582571";"-35.3223725"
"298";"-7.9406221";"-34.8238087"
"299";"-8.1402323";"-35.3970511"
"300";"-8.8828551";"-36.4968966"
"301";"-7.7938327";"-37.7949242"
"302";"-8.2849639";"-35.9701874"
"303";"-8.3583909";"-36.6981139"
"304";"-7.8808775";"-40.0810267"
"305";"-8.5406774";"-37.703554"
"306";"-8.4176445";"-37.0585205"
"307";"-8.2825977";"-35.0256088"
"308";"-9.389083";"-40.5030961"
"309";"-7.563152";"-35.0131308"
"310";"-1.3660462";"-48.3745188"
"311";"-8.0215679";"-34.8996565"
"312";"-8.0280556";"-34.9147222"
"313";"-7.8031351";"-35.2372257"
"314";"-9.389083";"-40.5030961"
"315";"-8.0014722";"-34.9140585"
"316";"-8.8828551";"-36.4968966"
"317";"-7.997517";"-35.5815816"
"318";"-8.0475458";"-34.8769621"
"319";"-8.0725066";"-39.1268089"
"320";"-8.8828551";"-36.4968966"
"321";"-7.8576464";"-38.7580376"
"322";"-7.9907141";"-34.8416216"
"323";"-8.5223756";"-36.4439707"
"324";"-7.9907141";"-34.8416216"
"325";"-7.9974426";"-34.8528965"
"326";"-7.9032846";"-35.1719559"
"327";"-7.5560496";"-35.4427791"
"328";"-7.6027643";"-37.3117068"
"329";"-9.389083";"-40.5030961"
"330";"-7.9032846";"-35.1719559"
"331";"-8.0475458";"-34.8769621"
"332";"-8.0475458";"-34.8769621"
"333";"-8.0475458";"-34.8769621"
"334";"-7.997517";"-35.5815816"
"335";"-8.8769403";"-36.1982619"
"336";"-8.8828551";"-36.4968966"
"337";"-8.0036516";"-34.9006488"
"338";"-7.9907141";"-34.8416216"
"339";"-8.0475458";"-34.8769621"
"340";"-7.7419043";"-35.2196142"
"341";"-8.2159791";"-35.5727498"
"342";"-8.5406774";"-37.703554"
"343";"-8.3165281";"-40.2680075"
"344";"-8.4176445";"-37.0585205"
"345";"-8.9653217";"-37.6316378"
"346";"-7.6197229";"-39.5463543"
"347";"-8.0877044";"-39.5799029"
"348";"-8.1215546";"-38.7284535"
"349";"-8.6034831";"-38.5690227"
"350";"-9.073363";"-38.29496"
"351";"-9.0983972";"-38.1507455"
"352";"-7.5846909";"-37.5381606"
"353";"-8.0427125";"-37.8383718"
"354";"-7.5846909";"-37.5381606"
"355";"-7.8331307";"-38.0981189"
"356";"-7.9498943";"-35.3873342"
"357";"-7.8405344";"-36.1013852"
"358";"-7.7481295";"-35.603719"
"359";"-8.472739";"-35.7298262"
"360";"-8.331788";"-36.136051"
"361";"-8.0148464";"-34.9263552"
"362";"-8.100025";"-35.0305559"
"363";"-8.0161148";"-34.9919961"
"364";"-8.0933333";"-34.8922222"
"365";"-9.3631682";"-40.4822438"
"366";"-8.7980724";"-39.8244147"
"367";"-8.4415769";"-40.7665344"
"368";"-8.9949434";"-40.2770948"
"369";"-8.6596165";"-35.1535293"
"370";"-8.6232299";"-35.5291347"
"371";"-8.6846464";"-35.5893533"
"372";"-8.2392129";"-35.4613872"
"373";"-8.0060903";"-35.290758"
"374";"-7.8448358";"-35.1612953"
"375";"-8.8897351";"-36.2851273"
"376";"-9.169922";"-36.6851188"
"377";"-9.1116773";"-37.1229544"
"378";"-8.0475458";"-34.8769621"
"379";"-7.563152";"-35.0131308"
"380";"-20.4205582";"-54.5711306"
"381";"-20.4297711";"-54.6244929"
"382";"-20.4771313";"-55.8093782"
"383";"-20.4638954";"-54.6100547"
"384";"-20.4678893";"-54.6163829"
"385";"-17.7919505";"-50.9251995"
"386";"-20.4827446";"-55.8108596"
"387";"-20.4697105";"-54.6201211"
"388";"-7.5537452";"-49.7129316"
"389";"-1.4366085";"-48.4842577"
"390";"-7.832479";"-50.039918"
"391";"-1.489959";"-56.396162"
"392";"-6.0876849";"-49.8930723"
"393";"-1.9927378";"-47.9426239"
"394";"-1.0520874";"-46.765356"
"395";"-1.4557549";"-48.4901799"
"396";"-1.3771067";"-48.389789"
"397";"-1.2983288";"-47.9171616"
"398";"-1.9009266";"-50.1991266"
"399";"-0.7527874";"-48.0243845"
"400";"-2.4223352";"-54.7233558"
"401";"-0.7150556";"-47.7037779"
"402";"-1.3705739";"-48.4075553"
"403";"-2.5164482";"-54.9502086"
"404";"-1.7299878";"-48.867325"
"405";"-0.7805761";"-47.1814499"
"406";"-1.4557549";"-48.4901799"
"407";"-1.4557549";"-48.4901799"
"408";"-4.2741703";"-55.9868567"
"409";"-1.4557549";"-48.4901799"
"410";"-1.2983288";"-47.9171616"
"411";"-1.4557549";"-48.4901799"
"412";"-1.0616193";"-46.7830109"
"413";"-2.5863467";"-51.9491502"
"414";"-6.0682016";"-49.9041696"
"415";"-1.3955986";"-48.8712955"
"416";"-2.4183938";"-48.1545216"
"417";"-0.7306736";"-48.5019599"
"418";"-2.7905799";"-49.669876"
"419";"-1.2612058";"-48.4645689"
"420";"-2.4251934";"-54.7164922"
"421";"-1.7228449";"-48.887384"
"422";"-5.5447033";"-48.7313363"
"423";"-0.7889091";"-47.8334659"
"424";"-1.4605708";"-48.4517856"
"425";"-24.1081005";"-49.3265016"
"426";"-1.4557549";"-48.4901799"
"427";"-5.3520995";"-49.1362547"
"428";"-1.194418";"-47.173988"
"429";"-1.7979588";"-46.2889112"
"430";"-8.2600499";"-49.2614979"
"431";"-1.7137188";"-48.8807605"
"432";"-3.0024862";"-47.3531078"
"433";"-1.9014322";"-55.5212852"
"434";"-2.4264091";"-54.7427941"
"435";"-7.103851";"-49.9379693"
"436";"-1.5420357";"-47.1130625"
"437";"-1.4560532";"-48.4884555"
"438";"-1.9541955";"-48.1989348"
"439";"-3.7652906";"-49.6828422"
"440";"-4.4465524";"-49.1157017"
"441";"-1.4557549";"-48.4901799"
"442";"-2.4506291";"-54.7009228"
"443";"-2.240551";"-49.4959863"
"444";"-3.7660765";"-49.6777695"
"445";"-1.4557549";"-48.4901799"
"446";"-10.249091";"-48.3242858"
"447";"-10.3398601";"-48.3001313"
"448";"-10.2546694";"-48.3467219"
"449";"-10.249091";"-48.3242858"
"450";"-10.249091";"-48.3242858"
"451";"-10.249091";"-48.3242858"
"452";"-10.249091";"-48.3242858"
"453";"-10.249091";"-48.3242858"
"454";"-10.2185518";"-48.3428633"
"455";"-19.0697894";"-42.5452873"
"456";"-17.0806813";"-40.9387356"
"457";"-22.171467";"-44.6417694"
"458";"-21.8881375";"-42.7045927"
"459";"-16.1822953";"-40.6918403"
"460";"-18.640918";"-48.1992578"
"461";"-20.6690965";"-42.5182528"
"462";"-15.9191976";"-46.1047457"
"463";"-20.0085932";"-45.9779793"
"464";"-19.8204853";"-43.9597636"
"465";"-19.9328237";"-43.9199354"
"466";"-19.9414582";"-43.9267484"
"467";"-19.923938";"-43.9210737"
"468";"-19.9387384";"-43.9278567"
"469";"-19.96195";"-43.9301462"
"470";"-19.9191013";"-43.9386094"
"471";"-19.9164552";"-43.8917028"
"472";"-19.90076";"-43.9157088"
"473";"-19.9072391";"-43.9665519"
"474";"-19.9517555";"-43.9452686"
"475";"-19.9616513";"-44.051287"
"476";"-19.9673078";"-44.2011904"
"477";"-20.3306976";"-44.2369817"
"478";"-20.7907895";"-42.7929095"
"479";"-17.5259619";"-43.0140875"
"480";"-15.2993082";"-45.6296408"
"481";"-16.2964844";"-41.7933839"
"482";"-19.0357205";"-43.4295642"
"483";"-20.702391";"-43.8059461"
"484";"-19.9480224";"-44.0288616"
"485";"-19.119007";"-44.3220286"
"486";"-16.6141283";"-42.1807588"
"487";"-18.0732831";"-43.4721243"
"488";"-18.0733905";"-43.4722303"
"489";"-18.7532048";"-44.4306733"
"490";"-18.763518";"-44.4273462"
"491";"-18.4482976";"-43.6588211"
"492";"-20.6744776";"-44.0635817"
"493";"-22.8545563";"-46.3184609"
"494";"-21.3015239";"-46.7095174"
"495";"-21.3000403";"-46.7117816"
"496";"-20.2506828";"-43.8069096"
"497";"-17.3992412";"-41.6667702"
"498";"-20.0725282";"-44.5836298"
"499";"-19.5098171";"-43.7609382"
"500";"-15.4915593";"-44.360286"
"501";"-17.0814411";"-42.2567986"
"502";"-16.4379493";"-41.012097"
"503";"-21.759411";"-43.3489946"
"504";"-21.7624237";"-43.3433999"
"505";"-21.7563782";"-43.3476143"
"506";"-22.0264902";"-44.3195327"
"507";"-17.8461206";"-42.0772991"
"508";"-16.7357179";"-43.8607323"
"509";"-16.7250241";"-43.8733159"
"510";"-21.1304563";"-42.3697067"
"511";"-16.5075178";"-46.4931668"
"512";"-19.9837027";"-43.8529177"
"513";"-20.0611044";"-43.9836379"
"514";"-19.9930478";"-43.8485566"
"515";"-19.9959585";"-43.8904383"
"516";"-20.5236387";"-43.691412"
"517";"-20.3896216";"-43.4983566"
"518";"-20.3826424";"-43.4886898"
"519";"-20.3800546";"-43.5124556"
"520";"-17.2223948";"-46.8717157"
"521";"-18.6003055";"-46.5176784"
"522";"-17.4271763";"-41.0038529"
"523";"-19.6232984";"-44.0352829"
"524";"-20.4716549";"-44.2274549"
"525";"-20.4126725";"-42.8878692"
"526";"-20.4068781";"-42.8943626"
"527";"-19.3199209";"-41.2466022"
"528";"-20.2670521";"-44.3072841"
"529";"-15.6230314";"-42.5459922"
"530";"-16.3779617";"-40.5400897"
"531";"-19.8957924";"-43.8192334"
"532";"-16.1649422";"-42.2947428"
"533";"-19.7827905";"-43.9184397"
"534";"-18.0030209";"-43.3857927"
"535";"-14.8863043";"-44.0926042"
"536";"-21.131257";"-44.2509865"
"537";"-20.9139163";"-44.5075596"
"538";"-19.4431469";"-44.2342821"
"539";"-19.4262084";"-44.2322182"
"540";"-21.110284";"-44.1764589"
"541";"-21.6755098";"-45.2672751"
"542";"-21.1200732";"-42.9426472"
"543";"-18.9277934";"-48.2763375"
"544";"-18.9067824";"-48.2406139"
"545";"-18.9146078";"-48.2753801"
"546";"-18.932493";"-48.2864686"
"547";"-18.9525724";"-48.2311246"
"548";"-18.9144058";"-48.3244201"
"549";"-16.358449";"-46.9012502"
"550";"-16.3736184";"-46.886054"
"551";"-16.3538872";"-46.9009414"
"552";"-17.3978537";"-42.7310938"
"553";"-20.7548659";"-42.8785788"
"554";"-16.8024026";"-42.3364065"
"555";"-22.7561319";"-43.4607419"
"556";"-22.7561319";"-43.4607419"
"557";"-22.7561319";"-43.4607419"
"558";"-22.7561319";"-43.4607419"
"559";"-22.7561319";"-43.4607419"
"560";"-22.7561319";"-43.4607419"
"561";"-22.7561319";"-43.4607419"
"562";"-22.7093392";"-43.431538"
"563";"-22.7573858";"-43.4391929"
"564";"-18.8607552";"-41.9567785"
"565";"-18.8603997";"-41.9470495"
"566";"-18.8477544";"-41.9524209"
"567";"-18.8549317";"-41.9559233"
"568";"-18.8461225";"-41.9518727"
"569";"-20.3154357";"-40.3368511"
"570";"-20.3117203";"-40.3135363"
"571";"-20.2977476";"-40.3247009"
"572";"-20.3046763";"-40.3093964"
"573";"-20.3068579";"-40.3220623"
"574";"-18.4341024";"-39.9316265"
"575";"-20.6655458";"-41.0874761"
"576";"-20.4163803";"-40.6703837"
"577";"-18.7125";"-39.855"
"578";"-18.4205284";"-39.7109575"
"579";"-20.8483803";"-41.1190416"
"580";"-20.8489464";"-41.1118184"
"581";"-20.7762222";"-41.6793765"
"582";"-20.2810166";"-40.3376652"
"583";"-20.313216";"-40.3209791"
"584";"-20.4427821";"-40.3496658"
"585";"-20.2643105";"-40.4203022"
"586";"-20.2795913";"-40.2985985"
"587";"-20.6741197";"-40.4997382"
"588";"-18.6095681";"-40.6093729"
"589";"-20.025785";"-40.7443164"
"590";"-19.7581952";"-40.3863326"
"591";"-20.3359878";"-40.3757849"
"592";"-20.8639021";"-40.9347037"
"593";"-18.4145487";"-40.217519"
"594";"-29.1709232";"-51.5224369"
"595";"-29.1142454";"-51.5893376"
"596";"-29.1665978";"-51.5045445"
"597";"-29.166914";"-51.5045241"
"598";"-29.2537287";"-51.531848"
"599";"-29.2530917";"-51.5308253"
"600";"-29.2594761";"-51.5356897"
"601";"-29.9132584";"-51.1861921"
"602";"-29.1634031";"-51.1796683"
"603";"-29.1804792";"-51.1806058"
"604";"-29.215305";"-51.2830222"
"605";"-29.1634031";"-51.1796683"
"606";"-29.1708924";"-51.1867579"
"607";"-29.1634031";"-51.1796683"
"608";"-29.1869789";"-51.2016839"
"609";"-29.1755654";"-51.1810744"
"610";"-29.0676746";"-50.9752522"
"611";"-29.1634031";"-51.1796683"
"612";"-25.5327132";"-49.1724811"
"613";"-25.5094442";"-49.1830616"
"614";"-25.7982934";"-49.2051423"
"615";"-25.5799495";"-49.1332263"
"616";"-25.4467125";"-49.1356773"
"617";"-25.5748331";"-54.5699052"
"618";"-25.5162724";"-54.585391"
"619";"-25.5046237";"-54.5846996"
"620";"-25.5254589";"-54.5517048"
"621";"-25.5093229";"-54.5953707"
"622";"-25.4846404";"-54.5074301"
"623";"-25.4471364";"-54.5738608"
"624";"-25.5162724";"-54.585391"
"625";"-25.4471364";"-54.5738608"
"626";"-23.5453209";"-46.311625"
"627";"-23.5453209";"-46.311625"
"628";"-23.5453209";"-46.311625"
"629";"-23.4988764";"-46.3160968"
"630";"-23.5503482";"-46.3113742"
"631";"-23.5441296";"-46.3087598"
"632";"-23.5453209";"-46.311625"
"633";"-23.5414966";"-46.3148205"
"634";"-22.8940611";"-48.4539956"
"635";"-22.8841808";"-48.4441654"
"636";"-22.8852048";"-48.4442353"
"637";"-22.8758313";"-48.4243596"
"638";"-22.8841808";"-48.4441654"
"639";"-10.1500737";"-67.7367345"
"640";"-9.0638816";"-68.6718301"
"641";"-8.1609244";"-70.7651846"
"642";"-7.7347836";"-72.6503892"
"643";"-7.6279977";"-72.6761487"
"644";"-7.6281817";"-72.6698557"
"645";"-9.9593619";"-67.8163399"
"646";"-9.9577347";"-67.7981105"
"647";"-9.975377";"-67.8248977"
"648";"-9.5936386";"-67.5411079"
"649";"-8.1609244";"-70.7651846"
"650";"-9.943729";"-67.8703917"
"651";"-10.2810291";"-67.1376799"
"652";"-10.651986";"-68.4974109"
"653";"-9.975377";"-67.8248977"
"654";"-19.7470933";"-47.9397397"
"655";"-19.9734783";"-49.0040149"
"656";"-19.7473668";"-47.939154"
"657";"-19.7294315";"-47.9373506"
"658";"-19.7453083";"-47.9377995"
"659";"-19.7514685";"-47.9301562"
"660";"-19.7409012";"-47.9307717"
"661";"-19.7495572";"-47.9322714"
"662";"-23.4983596";"-46.1847734"
"663";"-23.5417202";"-46.1804363"
"664";"-23.5529778";"-46.1810091"
"665";"-23.5384222";"-46.2174102"
"666";"-23.522052";"-46.1902756"
"667";"-23.5370059";"-46.1680876"
"668";"-23.5486279";"-46.194853"
"669";"-23.4806342";"-46.0876248"
"670";"-23.5230076";"-46.1880541"
"671";"-23.5213131";"-46.1858528"
"672";"-21.4153412";"-42.1942339"
"673";"-22.390508";"-41.7880743"
"674";"-22.5985648";"-44.0366285"
"675";"-22.9339527";"-42.8245961"
"676";"-22.8628777";"-43.5414505"
"677";"-22.9306453";"-43.2400595"
"678";"41.4451599";"-8.3983012"
"679";"-21.7626682";"-41.3184501"
"680";"-22.4357939";"-42.9722591"
"681";"-22.1693709";"-43.5880716"
"682";"-22.4936269";"-44.0934693"
"683";"-22.8910145";"-43.289925"
"684";"-23.2188662";"-44.714256"
"685";"-22.9085835";"-43.2175621"
"686";"-22.5128959";"-43.1846339"
"687";"-21.1909237";"-41.8787929"
"688";"-22.1567263";"-42.9240995"
"689";"-22.4110374";"-44.2638624"
"690";"-22.8666674";"-43.3291777"
"691";"-22.9748141";"-43.7050175"
"692";"-22.9212936";"-43.2378411"
"693";"-21.0333287";"-41.9878239"
"694";"-23.2151477";"-44.7139748"
"695";"-22.8603931";"-43.0241724"
"696";"-22.5283521";"-42.9745309"
"697";"-22.8157741";"-42.9762254"
"698";"-22.95334";"-43.19"
"699";"-22.7910167";"-43.3645943"
"700";"-22.7852746";"-43.3254136"
"701";"-22.5860523";"-41.9908523"
"702";"-22.9052377";"-43.1807499"
"703";"-22.7594444";"-43.45"
"704";"-22.2803916";"-42.5328112"
"705";"-22.7177613";"-43.4543854"
"706";"-22.9163921";"-43.2592566"
"707";"-22.027222";"-42.3652391"
"708";"-22.7078583";"-42.6281992"
"709";"-23.2200216";"-44.7204284"
"710";"-22.3215864";"-43.404546"
"711";"-22.4837342";"-43.1478823"
"712";"-22.9131132";"-42.4818457"
"713";"-22.5194011";"-44.1086362"
"714";"-22.5002596";"-44.104349"
"715";"-22.9513059";"-43.3387622"
"716";"-22.1035956";"-41.4696504"
"717";"-22.8692255";"-43.3293122"
"718";"-22.2205708";"-43.3150462"
"719";"-22.4662996";"-42.6527549"
"720";"-22.6083065";"-43.7112547"
"721";"-21.4763843";"-41.4762597"
"722";"-22.4169605";"-42.9756016"
"723";"-22.8953741";"-42.4708304"
"724";"-22.5007559";"-43.1905552"
"725";"-22.8777628";"-42.0297374"
"726";"-22.7862985";"-43.3053106"
"727";"-22.4524908";"-43.4665014"
"728";"-22.8302817";"-43.3166841"
"729";"-22.7428038";"-42.7205994"
"730";"-22.9329232";"-42.9189717"
"731";"-22.8272883";"-43.0637646"
"732";"-22.1788684";"-43.5907233"
"733";"-22.8653558";"-43.2983454"
"734";"-22.7862985";"-43.3053106"
"735";"-20.962646";"-42.042272"
"736";"-20.929793";"-41.9559631"
"737";"-22.2459149";"-43.7068952"
"738";"-22.8794464";"-42.3138681"
"739";"-22.9697777";"-43.1868592"
"740";"-22.4179651";"-44.2955901"
"741";"-22.5177053";"-44.0025719"
"742";"-22.9078347";"-43.288643"
"743";"-21.9304201";"-42.6062989"
"744";"-22.8041829";"-43.4415798"
"745";"-22.8626395";"-43.2539991"
"746";"-22.922719";"-43.1907076"
"747";"-22.4709659";"-44.4513347"
"748";"-21.8788732";"-42.4540418"
"749";"-21.9844505";"-42.2531991"
"750";"-21.9613802";"-42.0076409"
"751";"-21.668677";"-42.0794163"
"752";"-22.8990975";"-43.09274"
"753";"-22.8433599";"-42.1030012"
"754";"-22.6566022";"-43.0398345"
"755";"-21.4";"-41.066667"
"756";"-22.9765596";"-42.0299263"
"757";"-23.2200216";"-44.7204284"
"758";"-22.8786662";"-43.25343"
"759";"-22.4577374";"-43.4806912"
"760";"-21.6368446";"-41.0484428"
"761";"-22.7973069";"-43.313771"
"762";"-22.4720256";"-43.8273373"
"763";"-22.8640953";"-43.3730885"
"764";"-22.8869007";"-42.0266493"
"765";"-23.0057347";"-44.3157591"
"766";"-22.9082998";"-43.1970773"
"767";"-22.9112854";"-43.1863647"
"768";"-22.4734653";"-42.6576292"
"769";"-22.4179651";"-44.2955901"
"770";"-22.9082998";"-43.1970773"
"771";"-22.9408023";"-43.0397628"
"772";"-22.9124285";"-43.1839222"
"773";"-22.9142445";"-43.1829099"
"774";"-22.4577374";"-43.4806912"
"775";"-22.8363211";"-43.3814783"
"776";"-22.8323574";"-43.3303544"
"777";"-22.9088923";"-43.1771378"
"778";"-22.8627534";"-43.7723364"
"779";"-22.8592565";"-43.2536955"
"780";"-22.9013547";"-43.1752963"
"781";"-22.7989335";"-42.9548977"
"782";"-21.5391021";"-42.1792857"
"783";"-22.9102021";"-43.2122385"
"784";"-22.5985648";"-44.0366285"
"785";"-22.953921";"-43.1843418"
"786";"-22.4662996";"-42.6527549"
"787";"-22.7468405";"-43.3992748"
"788";"-22.366667";"-42.2"
"789";"-22.96573";"-43.2306438"
"790";"-23.0166485";"-43.4657325"
"791";"-22.2318862";"-43.1141413"
"792";"-22.7561319";"-43.4607419"
"793";"-22.9209468";"-43.2150318"
"794";"-22.9085014";"-43.5551189"
"795";"-22.8456741";"-43.3650971"
"796";"-22.3780874";"-41.7780605"
"797";"-22.9374893";"-43.3438556"
"798";"-22.8988995";"-43.2373062"
"799";"-22.7235062";"-43.5196426"
"800";"-22.9782369";"-43.2334128"
"801";"-22.9348565";"-43.1881217"
"802";"-22.2459149";"-43.7068952"
"803";"-22.8733096";"-43.440934"
"804";"-22.5258798";"-44.1319663"
"805";"-22.8469844";"-43.357222"
"806";"-22.366667";"-42.2"
"807";"-22.4511439";"-43.4621039"
"808";"-22.0541338";"-42.5236356"
"809";"-22.649522";"-43.2804856"
"810";"-22.9082998";"-43.1970773"
"811";"-22.9082998";"-43.1970773"
"812";"-22.9607339";"-43.1697493"
"813";"-22.8369444";"-43.2777778"
"814";"-22.9108115";"-43.1764207"
"815";"-22.5249653";"-44.1035632"
"816";"-22.8272151";"-43.3170886"
"817";"-22.6936071";"-43.2558782"
"818";"-22.9236656";"-43.2069306"
"819";"-22.9688782";"-43.204406"
"820";"-22.890465";"-43.6160214"
"821";"-22.1181373";"-43.2071993"
"822";"-22.9082539";"-43.1685643"
"823";"-22.8609632";"-43.2845549"
"824";"-22.896584";"-43.1841285"
"825";"-22.2887261";"-42.5340796"
"826";"-21.6356567";"-41.0495027"
"827";"-22.8754929";"-43.4825222"
"828";"-23.2204028";"-44.7234868"
"829";"-22.949271";"-43.1931939"
"830";"-22.7639818";"-43.4375916"
"831";"-22.9900452";"-44.2342949"
"832";"-22.9025983";"-43.1271539"
"833";"-22.7482998";"-43.5679032"
"834";"-22.512776";"-43.1669477"
"835";"-22.2887261";"-42.5340796"
"836";"-22.2318862";"-43.1141413"
"837";"-22.95334";"-43.19"
"838";"-22.8961297";"-43.1928981"
"839";"-22.3836705";"-41.7827461"
"840";"-22.4074571";"-43.6613985"
"841";"-22.5408519";"-44.1772604"
"842";"-22.6531011";"-43.6602956"
"843";"-22.8843748";"-43.4214238"
"844";"-21.7329312";"-41.3132058"
"845";"-22.8094117";"-43.3877257"
"846";"-22.8897951";"-43.0335778"
"847";"-22.7253349";"-43.3789333"
"848";"-22.9490623";"-43.3656167"
"849";"-22.7839903";"-43.4244696"
"850";"-22.9260023";"-43.23149"
"851";"-22.4751352";"-43.8223955"
"852";"-22.9339527";"-42.8245961"
"853";"-22.9176269";"-43.1776754"
"854";"-22.7907664";"-43.3699364"
"855";"-21.416667";"-41.616667"
"856";"-22.4169605";"-42.9756016"
"857";"-22.8272883";"-43.0637646"
"858";"-22.9622222";"-43.1666667"
"859";"-21.1981083";"-41.903467"
"860";"-22.9004051";"-43.1182026"
"861";"-21.3665596";"-41.9514576"
"862";"-22.1192542";"-43.2115811"
"863";"-22.8549164";"-43.2465624"
"864";"-22.8707571";"-43.3431662"
"865";"-22.7075459";"-43.4368011"
"866";"-22.8764871";"-42.0387464"
"867";"-22.5277794";"-44.1067253"
"868";"-22.9267834";"-43.1793332"
"869";"-29.9132584";"-51.1861921"
"870";"-29.8991848";"-51.1383397"
"871";"-29.9026519";"-51.2390111"
"872";"-29.901743";"-51.2229766"
"873";"-29.9021674";"-51.1397379"
"874";"-22.3210545";"-49.1006352"
"875";"-22.3162581";"-49.073713"
"876";"-22.3075715";"-49.1140657"
"877";"-22.3270934";"-49.0805793"
"878";"-22.327365";"-49.0852532"
"879";"-22.3192019";"-49.0768798"
"880";"-22.314459";"-49.0586951"
"881";"-22.314459";"-49.0586951"
"882";"-22.3276328";"-49.0277405"
"883";"-22.314459";"-49.0586951"
"884";"-5.5019276";"-45.246843"
"885";"-4.8510253";"-43.3503512"
"886";"-4.879763";"-44.6930449"
"887";"-2.5345978";"-44.1778413"
"888";"-2.5391099";"-44.2829046"
"889";"-2.5934062";"-44.2202062"
"890";"-2.5226115";"-45.079223"
"891";"-2.759";"-42.8236209"
"892";"-2.5596572";"-44.207608"
"893";"-2.5678753";"-44.2692196"
"894";"-2.5470084";"-44.2845207"
"895";"-2.5463664";"-44.2733636"
"896";"-2.5503853";"-44.070196"
"897";"-25.4307249";"-49.2689446"
"898";"-3.2630662";"-44.6129885"
"899";"-2.5414022";"-44.2727716"
"900";"-2.5088604";"-44.0778087"
"901";"-4.2246854";"-44.7849986"
"902";"-1.8151083";"-44.8648291"
"903";"-2.5456465";"-44.2648025"
"904";"-2.5391099";"-44.2829046"
"905";"-2.5796734";"-44.1765328"
"906";"-2.5525966";"-44.3283863"
"907";"-5.5218676";"-47.4948147"
"908";"-2.9190948";"-44.0718701"
"909";"-2.5391099";"-44.2829046"
"910";"-5.0865706";"-42.8417516"
"911";"-2.5455587";"-44.2836848"
"912";"-2.5200871";"-44.2834263"
"913";"-2.5503853";"-44.070196"
"914";"-2.5960968";"-44.1973319"
"915";"-2.5274051";"-44.2850325"
"916";"-3.4569632";"-44.77683"
"917";"-2.9410162";"-44.2494085"
"918";"-5.8149815";"-46.1411707"
"919";"-2.6414707";"-44.3025828"
"920";"-2.526781";"-44.2851546"
"921";"-4.9475208";"-47.5008009"
"922";"-24.0313618";"-46.5037847"
"923";"-5.5695186";"-46.7476965"
"924";"-6.7550081";"-43.0261739"
"925";"-2.5424119";"-44.2982959"
"926";"-1.8151083";"-44.8648291"
"927";"-2.5385915";"-44.2896725"
"928";"-2.5416258";"-44.2319832"
"929";"-3.3994278";"-44.3518108"
"930";"-5.5695186";"-46.7476965"
"931";"-2.5997394";"-43.4622975"
"932";"-2.710367";"-44.7332723"
"933";"-3.5367605";"-43.9173491"
"934";"-3.1382347";"-44.3265296"
"935";"-2.5177153";"-44.1753692"
"936";"-2.5496107";"-44.2707264"
"937";"-2.5391099";"-44.2829046"
"938";"-5.088741";"-42.8455101"
"939";"-2.5503853";"-44.070196"
"940";"-2.5463664";"-44.2733636"
"941";"-23.7181234";"-46.8483186"
"942";"-20.2686874";"-50.5490441"
"943";"-20.261853";"-50.5401739"
"944";"-20.2682883";"-50.5423723"
"945";"-20.2770696";"-50.5497076"
"946";"-20.2686874";"-50.5490441"
"947";"-23.9590925";"-46.3979181"
"948";"-23.9498137";"-46.3949581"
"949";"-23.9607656";"-46.3960797"
"950";"-23.9591319";"-46.3992152"
"951";"-23.9717513";"-46.3905718"
"952";"-23.9498137";"-46.3949581"
"953";"-23.9488842";"-46.4049633"
"954";"-23.9621455";"-46.3893589"
"955";"-23.9690263";"-46.390176"
"956";"-23.9695283";"-46.4068752"
"957";"-23.6515085";"-46.8521864"
"958";"-23.6495849";"-46.8052339"
"959";"-23.6651483";"-46.8618831"
"960";"-23.6641881";"-46.7992375"
"961";"-23.6499114";"-46.8505089"
"962";"-23.6515085";"-46.8521864"
"963";"-23.6276257";"-46.8448619"
"964";"-23.6516623";"-46.8526787"
"965";"-21.1707376";"-47.8099616"
"966";"-21.1607506";"-47.8134426"
"967";"-21.1820023";"-47.8067086"
"968";"-21.1671856";"-47.8050398"
"969";"-21.1704008";"-47.8103238"
"970";"-21.1810818";"-47.8190586"
"971";"-21.1704008";"-47.8103238"
"972";"-21.1248985";"-47.7372349"
"973";"-21.163047";"-47.8052615"
"974";"-21.1804416";"-47.7987132"
"975";"-22.6989556";"-46.7617163"
"976";"-22.6999943";"-46.756493"
"977";"-22.700768";"-46.7601851"
"978";"-22.7058421";"-46.774394"
"979";"-23.2976573";"-45.9434898"
"980";"-15.7941454";"-47.8825479"
"981";"-15.7941454";"-47.8825479"
"982";"-15.7941454";"-47.8825479"
"983";"-15.752791";"-47.7806778"
"984";"-15.813415";"-48.1044183"
"985";"-15.8372013";"-48.0258046"
"986";"-15.9028899";"-47.7760971"
"987";"-15.7675155";"-47.8402601"
"988";"-23.7955556";"-45.4147512"
"989";"-15.8705748";"-48.0902431"
"990";"-15.9150877";"-48.0999169"
"991";"-15.9028899";"-47.7760971"
"992";"-15.8883697";"-48.1509201"
"993";"-16.0036155";"-47.9872688"
"994";"-15.7941454";"-47.8825479"
"995";"-15.7693401";"-48.04502"
"996";"-15.7569912";"-47.7749821"
"997";"-15.7569912";"-47.7749821"
"998";"-15.9110219";"-47.7784289"
"999";"-15.8836105";"-48.013415"
"1000";"-31.3982882";"-52.6773404"
"1001";"-31.7763354";"-52.3416649"
"1002";"-30.8739006";"-52.2567061"
"1003";"-30.3535481";"-51.5808236"
"1004";"-31.36777";"-51.9685183"
"1005";"-30.134441";"-51.3621089"
"1006";"-32.0104917";"-52.0318739"
"1007";"-30.2997229";"-51.3013827"
"1008";"-32.2331559";"-53.0866944"
"1009";"-32.0967741";"-52.1780549"
"1010";"-31.7741134";"-52.3448217"
"1011";"-33.5254807";"-53.3722416"
"1012";"-31.5799361";"-53.3803269"
"1013";"-30.6690722";"-51.3922319"
"1014";"-30.7054331";"-52.1088332"
"1015";"-32.010943";"-52.033389"
"1016";"-26.378111";"-48.8268268"
"1017";"-26.3935383";"-53.0861235"
"1018";"-26.3045834";"-48.8473897"
"1019";"-28.7137096";"-49.3091437"
"1020";"-27.2012481";"-49.069373"
"1021";"-27.5949884";"-48.5481743"
"1022";"-27.581738";"-48.5041219"
"1023";"-26.8643621";"-52.1576892"
"1024";"-27.0059451";"-51.7407397"
"1025";"-27.9001121";"-48.9301444"
"1026";"-28.9604544";"-49.5009485"
"1027";"-27.1014029";"-52.6130737"
"1028";"-27.4350965";"-48.460624"
"1029";"-15.0210312";"-49.8957464"
"1030";"-16.6868912";"-49.2647943"
"1031";"-23.498457";"-46.8007393"
"1032";"-23.5615092";"-46.8069835"
"1033";"-23.5328814";"-46.7920029"
"1034";"-23.5328814";"-46.7920029"
"1035";"-23.4924697";"-46.7841318"
"1036";"-23.5014887";"-46.7930132"
"1037";"-23.5328814";"-46.7920029"
"1038";"-23.5328814";"-46.7920029"
"1039";"-23.7739151";"-46.5975423"
"1040";"-23.6898429";"-46.5648481"
"1041";"-23.6827663";"-46.5619062"
"1042";"-23.7297609";"-46.567197"
"1043";"-23.6898429";"-46.5648481"
"1044";"-23.697458";"-46.5655862"
"1045";"-23.6898429";"-46.5648481"
"1046";"-23.6898429";"-46.5648481"
"1047";"-2.6290693";"-56.7427191"
"1048";"0.118611";"-67.084722"
"1049";"-7.5169609";"-63.0298508"
"1050";"-7.5169609";"-63.0298508"
"1051";"-3.1190275";"-60.0217314"
"1052";"-3.1231806";"-60.0123969"
"1053";"-3.1298653";"-60.0236039"
"1054";"-3.1428824";"-60.0039405"
"1055";"-3.099315";"-60.0591829"
"1056";"-3.3999179";"-57.7201039"
"1057";"-4.3919115";"-59.5878796"
"1058";"-3.1190275";"-60.0217314"
"1059";"-3.8194444";"-60.3612225"
"1060";"-3.3932592";"-57.7072186"
"1061";"-7.5095933";"-63.0195936"
"1062";"-7.5169609";"-63.0298508"
"1063";"-7.5169609";"-63.0298508"
"1064";"0.118611";"-67.084722"
"1065";"-3.1071515";"-60.0469502"
"1066";"-2.9869234";"-60.0188947"
"1067";"-3.1328808";"-60.0232358"
"1068";"-2.6290693";"-56.7427191"
"1069";"0.118611";"-67.084722"
"1070";"-7.5169609";"-63.0298508"
"1071";"-7.5169609";"-63.0298508"
"1072";"-3.1190275";"-60.0217314"
"1073";"-3.1231806";"-60.0123969"
"1074";"-3.1298653";"-60.0236039"
"1075";"-3.1428824";"-60.0039405"
"1076";"-3.099315";"-60.0591829"
"1077";"-3.3999179";"-57.7201039"
"1078";"-3.1190275";"-60.0217314"
"1079";"-3.8194444";"-60.3612225"
"1080";"-3.3932592";"-57.7072186"
"1081";"-7.5095933";"-63.0195936"
"1082";"0.118611";"-67.084722"
"1083";"-3.1071515";"-60.0469502"
"1084";"-2.9869234";"-60.0188947"
"1085";"-3.1328808";"-60.0232358"
"1086";"-9.4440231";"-61.9823198"
"1087";"-11.4998038";"-61.3613177"
"1088";"-11.4998038";"-61.3613177"
"1089";"-10.863338";"-61.9403094"
"1090";"-10.878403";"-61.9461643"
"1091";"-11.7256983";"-61.7781409"
"1092";"-11.7173926";"-61.7878771"
"1093";"-12.7505942";"-60.149361"
"1094";"-8.809846";"-63.6965502"
"1095";"-10.789321";"-65.3301049"
"1096";"-10.789321";"-65.3301049"
"1097";"-9.9037162";"-63.0318092"
"1098";"-9.9256195";"-63.0315262"
"1099";"-9.9083941";"-63.033169"
"1100";"-9.9247033";"-63.0242688"
"1101";"-9.9207613";"-63.0319155"
"1102";"-8.7611605";"-63.9004303"
"1103";"-8.7606015";"-63.8942372"
"1104";"-8.7428879";"-63.9071707"
"1105";"-8.7578842";"-63.8443123"
"1106";"-8.761002";"-63.8856426"
"1107";"-8.7420596";"-63.8976103"
"1108";"-8.7471784";"-63.8511967"
"1109";"-8.7501632";"-63.8466947"
"1110";"-9.365207";"-64.378899"
"1111";"-8.7611605";"-63.9004303"
"1112";"-8.7611605";"-63.9004303"
"1113";"-8.7611605";"-63.9004303"
"1114";"-8.7611605";"-63.9004303"
"1115";"-8.7611605";"-63.9004303"
"1116";"-21.6824831";"-51.0741711"
"1117";"-24.1154833";"-49.3331945"
"1118";"-22.0613543";"-46.975402"
"1119";"-22.8874758";"-49.2366343"
"1120";"-22.468413";"-48.987985"
"1121";"-21.024851";"-47.3835185"
"1122";"-22.7120585";"-47.3600197"
"1123";"-22.7677409";"-47.326741"
"1124";"-22.7058421";"-46.774394"
"1125";"-20.8944847";"-51.3873367"
"1126";"-22.8500017";"-45.2329285"
"1127";"-21.7729717";"-48.1416252"
"1128";"-22.356358";"-47.3865677"
"1129";"-22.5729161";"-47.1680722"
"1130";"-22.6622707";"-50.4273332"
"1131";"-23.1190043";"-46.5543448"
"1132";"-23.1175492";"-46.5567066"
"1133";"-22.0734344";"-48.7442871"
"1134";"-22.4913408";"-48.558808"
"1135";"-24.4732844";"-49.0246576"
"1136";"-24.7595266";"-48.5017265"
"1137";"-20.5800502";"-48.5546853"
"1138";"-20.8910898";"-47.5866012"
"1139";"-22.3301292";"-49.0777742"
"1140";"-23.8490627";"-46.1400295"
"1141";"-23.8490627";"-46.1400295"
"1142";"-21.2915055";"-50.3436312"
"1143";"-23.2762476";"-47.6688975"
"1144";"-22.9531705";"-46.5423239"
"1145";"-22.9531705";"-46.5423239"
"1146";"-23.7981763";"-48.5962748"
"1147";"-23.0996965";"-45.7080824"
"1148";"-23.3612198";"-46.7401869"
"1149";"-23.3612198";"-46.7401869"
"1150";"-24.7300352";"-48.1083123"
"1151";"-22.8697183";"-47.2143738"
"1152";"-22.8198189";"-47.077805"
"1153";"-23.8360792";"-46.7321585"
"1154";"-22.9099384";"-47.0626332"
"1155";"-22.9099384";"-47.0626332"
"1156";"-22.9099384";"-47.0626332"
"1157";"-22.9099384";"-47.0626332"
"1158";"-22.8914415";"-47.0476275"
"1159";"-22.9099384";"-47.0626332"
"1160";"-22.9099384";"-47.0626332"
"1161";"-23.208281";"-46.7893658"
"1162";"-25.0125705";"-47.9353007"
"1163";"-23.7180944";"-46.8482996"
"1164";"-22.9956937";"-47.5061374"
"1165";"-23.6255903";"-45.4241453"
"1166";"-23.5239623";"-46.8411243"
"1167";"-23.5239623";"-46.8411243"
"1168";"-21.1462498";"-48.9597451"
"1169";"-21.128758";"-48.9818546"
"1170";"-20.7121749";"-48.5389625"
"1171";"-22.4782628";"-47.4523359"
"1172";"-22.6423923";"-47.1930263"
"1173";"-23.6026684";"-46.9194693"
"1174";"-22.573256";"-44.9693894"
"1175";"-5.7420796";"-35.2712804"
"1176";"-21.9159048";"-47.6202675"
"1177";"-23.6818396";"-46.620967"
"1178";"-24.5285818";"-48.1145474"
"1179";"-23.6515085";"-46.8521864"
"1180";"-23.6515085";"-46.8521864"
"1181";"-23.8302097";"-46.8140421"
"1182";"-22.6930201";"-49.4345857"
"1183";"-20.2866742";"-50.400972"
"1184";"-20.2810232";"-50.2475804"
"1185";"-7.2196056";"-35.8927987"
"1186";"-20.5393288";"-47.4013437"
"1187";"-20.5393288";"-47.4013437"
"1188";"-11.5393063";"-61.0227116"
"1189";"-22.2129934";"-49.6550628"
"1190";"-20.0751121";"-50.3415885"
"1191";"-23.9948444";"-46.2568678"
"1192";"-23.9948444";"-46.2568678"
"1193";"-23.4542498";"-46.5337925"
"1194";"-23.4542498";"-46.5337925"
"1195";"-22.8533412";"-47.2147082"
"1196";"-22.6606401";"-51.0783604"
"1197";"-22.5103657";"-48.5566094"
"1198";"-22.5095258";"-48.5601311"
"1199";"-23.2052514";"-46.1562812"
"1200";"-24.7097796";"-47.556614"
"1201";"-20.4322981";"-51.3487635"
"1202";"-23.7790297";"-45.3556626"
"1203";"-23.0886774";"-47.2089544"
"1204";"-24.5852085";"-48.5975856"
"1205";"-24.1817994";"-46.7850334"
"1206";"-24.639742";"-48.8417538"
"1207";"-23.7166271";"-46.8576421"
"1208";"-23.7166271";"-46.8576421"
"1209";"-23.589095";"-48.0487846"
"1210";"-23.9793102";"-48.8768997"
"1211";"-23.9793102";"-48.8768997"
"1212";"-23.0039859";"-46.8467996"
"1213";"-22.2567218";"-47.8170462"
"1214";"-25.4296881";"-49.267884"
"1215";"-23.2548858";"-47.2931392"
"1216";"-23.2987827";"-45.9662542"
"1217";"-20.2686874";"-50.5490441"
"1218";"-20.2686874";"-50.5490441"
"1219";"-22.30275";"-48.5755491"
"1220";"-22.9292649";"-46.2753024"
"1221";"-22.9292649";"-46.2753024"
"1222";"-23.1857076";"-46.8978057"
"1223";"-23.2226011";"-46.8830534"
"1224";"-22.7338724";"-45.1201112"
"1225";"-23.086061";"-46.9488168"
"1226";"-22.2175846";"-49.9505291"
"1227";"-23.668163";"-46.4617086"
"1228";"-24.2771317";"-47.4629141"
"1229";"-21.1318136";"-51.1039745"
"1230";"-20.6183299";"-49.4621863"
"1231";"-21.4649238";"-47.0145295"
"1232";"-21.4649238";"-47.0145295"
"1233";"-23.5213131";"-46.1858528"
"1234";"-23.5213131";"-46.1858528"
"1235";"-22.3679387";"-46.9432454"
"1236";"-22.455799";"-47.0193913"
"1237";"-22.6821869";"-46.6814242"
"1238";"-20.9069644";"-48.6391716"
"1239";"-22.9545575";"-45.8386975"
"1240";"-22.4062097";"-51.527839"
"1241";"-20.6945569";"-50.0412182"
"1242";"-20.7371069";"-48.9110813"
"1243";"-20.7174005";"-47.885653"
"1244";"-23.5328814";"-46.7920029"
"1245";"-23.5328814";"-46.7920029"
"1246";"-22.31535";"-50.2815901"
"1247";"-14.3374793";"-44.4356975"
"1248";"-22.4118446";"-50.5736347"
"1249";"-24.7151453";"-47.8746131"
"1250";"-20.6388377";"-47.2805669"
"1251";"-20.0300803";"-49.400471"
"1252";"-22.7418346";"-46.8952922"
"1253";"-24.3124682";"-47.0016524"
"1254";"-22.9349846";"-45.4650286"
"1255";"-21.1857749";"-48.9090676"
"1256";"-22.6068839";"-45.1858686"
"1257";"-22.719784";"-47.6308068"
"1258";"-22.743333";"-47.6344374"
"1259";"-23.3969772";"-46.9995522"
"1260";"-22.2754693";"-51.5002621"
"1261";"-21.9964647";"-47.4261942"
"1262";"-23.5337777";"-46.3477362"
"1263";"-23.2098059";"-47.525573"
"1264";"-16.7927095";"-49.2448151"
"1265";"-21.363056";"-48.0683204"
"1266";"-24.0088727";"-46.4125034"
"1267";"-22.121126";"-51.393006"
"1268";"-22.121126";"-51.393006"
"1269";"-17.8376567";"-40.3396959"
"1270";"-22.5316634";"-44.7785327"
"1271";"-24.5002295";"-47.8448116"
"1272";"-23.7071623";"-46.4062503"
"1273";"-23.199319";"-45.9013496"
"1274";"-21.1704008";"-47.8103238"
"1275";"-21.2055447";"-47.8231957"
"1276";"-21.1704008";"-47.8103238"
"1277";"-21.1704008";"-47.8103238"
"1278";"-22.4149023";"-47.5651394"
"1279";"-22.8943267";"-45.3074263"
"1280";"-23.2000805";"-47.293538"
"1281";"-23.2000805";"-47.293538"
"1282";"-23.2000805";"-47.293538"
"1283";"-21.2431375";"-48.806797"
"1284";"-22.7557422";"-47.4147585"
"1285";"-22.8992304";"-49.635913"
"1286";"-20.2114472";"-50.9271859"
"1287";"-23.3176861";"-46.2241105"
"1288";"-22.5665712";"-48.159744"
"1289";"-23.4430047";"-46.9226637"
"1290";"-23.6742228";"-46.5436003"
"1291";"-23.9540376";"-46.3354875"
"1292";"-23.9540376";"-46.3354875"
"1293";"-22.6874246";"-45.7319876"
"1294";"-23.6898429";"-46.5648481"
"1295";"-23.8360792";"-46.7321585"
"1296";"-23.6233625";"-46.5552433"
"1297";"-23.6233625";"-46.5552433"
"1298";"-22.0087175";"-47.8909142"
"1299";"-22.0087175";"-47.8909142"
"1300";"-20.3627574";"-50.69562"
"1301";"-21.9712313";"-46.7947989"
"1302";"-20.3883244";"-50.3796157"
"1303";"-20.5940235";"-47.6428587"
"1304";"-22.6418464";"-44.5778633"
"1305";"-20.811761";"-49.3762272"
"1306";"-20.811761";"-49.3762272"
"1307";"-23.223701";"-45.9009074"
"1308";"-22.9113081";"-45.9579514"
"1309";"-23.223701";"-45.9009074"
"1310";"-23.223701";"-45.9009074"
"1311";"-23.2210152";"-45.3094244"
"1312";"-23.2210152";"-45.3094244"
"1313";"-23.2210152";"-45.3094244"
"1314";"-22.7324847";"-48.5724499"
"1315";"-23.8786864";"-47.9940081"
"1316";"-23.5505199";"-46.6333094"
"1317";"-23.5505199";"-46.6333094"
"1318";"-23.5505199";"-46.6333094"
"1319";"-23.5505199";"-46.6333094"
"1320";"-23.5505199";"-46.6333094"
"1321";"-23.5505199";"-46.6333094"
"1322";"-23.5505199";"-46.6333094"
"1323";"-23.5505199";"-46.6333094"
"1324";"-23.5505199";"-46.6333094"
"1325";"-23.5505199";"-46.6333094"
"1326";"-23.5505199";"-46.6333094"
"1327";"-23.5505199";"-46.6333094"
"1328";"-23.4925537";"-46.6030488"
"1329";"-23.4607577";"-46.6993177"
"1330";"-23.5282611";"-46.6573187"
"1331";"-23.5505199";"-46.6333094"
"1332";"-23.1985653";"-46.8866761"
"1333";"-23.5505199";"-46.6333094"
"1334";"-23.561081";"-46.6733174"
"1335";"-23.5505199";"-46.6333094"
"1336";"-23.5505199";"-46.6333094"
"1337";"-23.527504";"-46.6526381"
"1338";"-23.5505199";"-46.6333094"
"1339";"-23.5505199";"-46.6333094"
"1340";"-23.5505199";"-46.6333094"
"1341";"-23.5505199";"-46.6333094"
"1342";"-23.5505199";"-46.6333094"
"1343";"-23.5416203";"-46.6599665"
"1344";"-23.5505199";"-46.6333094"
"1345";"-23.5505199";"-46.6333094"
"1346";"-23.5505199";"-46.6333094"
"1347";"-23.5505199";"-46.6333094"
"1348";"-23.5505199";"-46.6333094"
"1349";"-23.5505199";"-46.6333094"
"1350";"-23.5093587";"-46.3930607"
"1351";"-23.5505199";"-46.6333094"
"1352";"-23.6515648";"-46.6364686"
"1353";"-23.5505199";"-46.6333094"
"1354";"-23.5505199";"-46.6333094"
"1355";"-23.5505199";"-46.6333094"
"1356";"-23.5505199";"-46.6333094"
"1357";"-23.6220686";"-46.7261746"
"1358";"-23.8360792";"-46.7321585"
"1359";"-23.5594926";"-46.6872757"
"1360";"-23.5505199";"-46.6333094"
"1361";"-23.6127286";"-46.5891265"
"1362";"-23.5505199";"-46.6333094"
"1363";"-23.5993147";"-46.4018622"
"1364";"-23.5505199";"-46.6333094"
"1365";"-23.5505199";"-46.6333094"
"1366";"-23.5505199";"-46.6333094"
"1367";"-23.4938617";"-46.4670987"
"1368";"-23.5505199";"-46.6333094"
"1369";"-23.5505199";"-46.6333094"
"1370";"-23.5505199";"-46.6333094"
"1371";"-23.5505199";"-46.6333094"
"1372";"-23.5505199";"-46.6333094"
"1373";"-23.5505199";"-46.6333094"
"1374";"-23.5505199";"-46.6333094"
"1375";"-23.5505199";"-46.6333094"
"1376";"-23.5505199";"-46.6333094"
"1377";"-23.5724631";"-46.7164007"
"1378";"-23.5394348";"-46.4427305"
"1379";"-23.5505199";"-46.6333094"
"1380";"-23.5505199";"-46.6333094"
"1381";"-23.5549518";"-46.6568116"
"1382";"-23.5324284";"-46.6550994"
"1383";"-23.5505199";"-46.6333094"
"1384";"-23.5505199";"-46.6333094"
"1385";"-23.5230884";"-47.1361208"
"1386";"-23.7955556";"-45.4147512"
"1387";"-23.9607656";"-46.3960797"
"1388";"-22.6242334";"-46.7002577"
"1389";"-22.5690279";"-47.1697625"
"1390";"-21.1374267";"-47.9916474"
"1391";"-22.5907519";"-46.5255606"
"1392";"-23.5015299";"-47.4525603"
"1393";"-22.8296284";"-47.1834655"
"1394";"-23.5453209";"-46.311625"
"1395";"-23.5453209";"-46.311625"
"1396";"-23.6228759";"-46.7816647"
"1397";"-20.6250537";"-49.6552165"
"1398";"-20.6250537";"-49.6552165"
"1399";"-21.4039295";"-48.508869"
"1400";"-23.5311932";"-49.241422"
"1401";"-22.7433499";"-50.5790958"
"1402";"-23.3492186";"-47.8465761"
"1403";"-23.0204559";"-45.5563555"
"1404";"-23.0204559";"-45.5563555"
"1405";"-23.0204559";"-45.5563555"
"1406";"-22.4242036";"-48.1735956"
"1407";"-21.9375472";"-50.5242648"
"1408";"-23.8360792";"-46.7321585"
"1409";"-23.4336578";"-45.0838481"
"1410";"-20.245927";"-50.6459663"
"1411";"-21.203681";"-49.2935637"
"1412";"-22.9702933";"-46.9978148"
"1413";"-22.8875356";"-46.4128896"
"1414";"-23.5998291";"-47.0224881"
"1415";"-23.2140719";"-46.8238911"
"1416";"-20.4173291";"-49.9702752"
"1417";"-10.9140631";"-37.6692901"
"1418";"-10.2162392";"-37.4214641"
"1419";"-10.9071371";"-37.060499"
"1420";"-10.9140631";"-37.6692901"
"1421";"-10.4890545";"-37.1966647"
"1422";"-9.8065819";"-37.683604"
"1423";"-10.9725571";"-37.0449997"
"1424";"-10.9380465";"-37.0655239"
"1425";"-10.4301458";"-36.4614328"
"1426";"-10.9472468";"-37.0730823"
"1427";"-10.3460969";"-36.7989771"
"1428";"-10.7407511";"-37.8088232"
"1429";"-10.9093258";"-37.0376744"
"1430";"-11.3694382";"-37.8428174"
"1431";"-10.6858666";"-37.4270349"
"1432";"-11.3816227";"-37.6597296"
"1433";"-10.3460969";"-36.7989771"
"1434";"-10.9472468";"-37.0730823"
"1435";"-10.5853465";"-36.9421003"
"1436";"-10.9228489";"-37.0688772"
"1437";"-9.8065819";"-37.683604"
"1438";"-9.8040171";"-37.686846"
"1439";"-11.0088793";"-37.2046981"
"1440";"-10.9101872";"-37.068754"
"1441";"-10.8987707";"-37.0959901"
"1442";"-10.8955911";"-37.066867"
"1443";"-10.5358193";"-37.4358944"
"1444";"-6.7745195";"-43.0076063"
"1445";"-8.1115105";"-42.9521053"
"1446";"-7.2131611";"-44.1893226"
"1447";"-9.1881449";"-43.0484199"
"1448";"-10.440213";"-45.1631958"
"1449";"-5.0410273";"-42.8235685"
"1450";"-5.052046";"-42.838345"
"1451";"-8.1841062";"-43.7943903"
"1452";"-7.064078";"-41.4141729"
"1453";"-2.9141884";"-41.7804968"
"1454";"-3.816747";"-42.449707"
"1455";"-2.9165068";"-41.7756205"
"1456";"-6.4051171";"-41.7381713"
"1457";"-9.0136886";"-42.699116"
"1458";"-5.0410201";"-42.8097392"
"1459";"-5.0920108";"-42.8037597"
"1460";"-7.8533526";"-41.9079085"
"1461";"-2.8844686";"-41.6653679"
"1462";"-2.8844686";"-41.6653679"
"1463";"-4.2450566";"-42.2925372"
"1464";"-4.02268";"-42.0790543"
"1465";"-3.8890099";"-42.2327975"
"1466";"-9.3930847";"-40.5065901"
"1467";"-3.8885327";"-42.7001993"
"1468";"-3.9337295";"-41.7091502"
"1469";"-3.9553549";"-41.2572884"
"1470";"-4.414424";"-42.136123"
"1471";"-4.8276774";"-42.1649912"
"1472";"-4.8258556";"-42.1627403"
"1473";"-23.7185301";"-46.8475757"
"1474";"-12.9929571";"-38.511038"
"1475";"-5.0392665";"-42.461538"
"1476";"-5.0413286";"-42.4723198"
"1477";"-4.7518433";"-42.5749647"
"1478";"-4.7518433";"-42.5749647"
"1479";"-5.0855142";"-42.8149373"
"1480";"-5.084678";"-42.7988576"
"1481";"-5.0829295";"-42.7721474"
"1482";"-5.4571487";"-42.3641974"
"1483";"-5.6207609";"-42.8360068"
"1484";"-5.4190292";"-42.6440387"
"1485";"-5.6811621";"-42.7439747"
"1486";"-5.5623903";"-42.6078725"
"1487";"-6.2447924";"-42.8460088"
"1488";"43.7076443";"10.3764437"
"1489";"-6.2315462";"-42.6845736"
"1490";"-5.8029568";"-41.9593009"
"1491";"-6.5168517";"-42.1149851"
"1492";"-6.1998714";"-42.135834"
"1493";"-6.5080631";"-41.5656755"
"1494";"-6.2286868";"-41.4205395"
"1495";"-6.4051171";"-41.7381713"
"1496";"-6.5476748";"-42.2501597"
"1497";"-6.966667";"-41.266667"
"1498";"-7.443763";"-41.4690844"
"1499";"-7.242369";"-40.8569531"
"1500";"-16.7662295";"-47.6068011"
"1501";"-6.8342838";"-40.6129662"
"1502";"-7.0843099";"-40.8250037"
"1503";"-7.1286781";"-41.0318535"
"1504";"-7.0094589";"-40.9376158"
"1505";"-7.3182877";"-40.7639614"
"1506";"-7.3626917";"-41.1374946"
"1507";"-7.5915027";"-40.814097"
"1508";"-8.1359897";"-41.1416603"
"1509";"-7.1034343";"-41.7004041"
"1510";"-7.1819631";"-41.7652645"
"1511";"-7.2467027";"-42.5413902"
"1512";"-6.941219";"-41.8892865"
"1513";"-7.6597062";"-41.877862"
"1514";"-7.8785934";"-41.5957876"
"1515";"-7.4672269";"-41.7887021"
"1516";"-7.8533526";"-41.9079085"
"1517";"-7.4211255";"-41.9066271"
"1518";"-8.3827695";"-41.8347743"
"1519";"-8.4969613";"-41.8143483"
"1520";"-9.0055748";"-41.9701101"
"1521";"-8.3550729";"-42.2562768"
"1522";"-9.0136886";"-42.699116"
"1523";"-9.220341";"-43.134063"
"1524";"-9.2797502";"-43.3293866"
"1525";"-7.7775235";"-42.2544475"
"1526";"-7.5975394";"-42.3679701"
"1527";"-6.781116";"-43.011395"
"1528";"-6.7770108";"-43.0262251"
"1529";"-7.2314899";"-44.5561041"
"1530";"-7.6886208";"-43.7237203"
"1531";"-8.0966947";"-43.6708712"
"1532";"-8.4245939";"-43.7774074"
"1533";"-8.0129739";"-43.8722947"
"1534";"-10.8174037";"-44.8341208"
"1535";"-4.2786764";"-41.778235"
"1536";"-5.0351155";"-42.8286476"
"1537";"-5.0920108";"-42.8037597"
"1538";"-8.5831993";"-41.4174457"
"1539";"-7.0821311";"-40.6149649"
"1540";"-4.5877602";"-42.8684912"
"1541";"-6.8673";"-39.8692294"
"1542";"-7.3061938";"-39.2963083"
"1543";"-7.4884341";"-38.9877265"
"1544";"-7.0680151";"-40.3690399"
"1545";"-7.2374318";"-39.4194115"
"1546";"-7.2422322";"-39.4031128"
"1547";"-7.2476483";"-39.4384486"
"1548";"-6.9261272";"-39.5732886"
"1549";"-7.2032126";"-39.3229579"
"1550";"-7.2121111";"-39.3282833"
"1551";"-7.2353669";"-39.2900278"
"1552";"-7.3115617";"-38.9450209"
"1553";"-7.249652";"-39.1454394"
"1554";"-7.1765304";"-39.7305175"
"1555";"-6.0895114";"-39.4483953"
"1556";"-6.4026236";"-38.8591633"
"1557";"-6.7498985";"-38.9657986"
"1558";"-6.2446364";"-38.9156022"
"1559";"-6.2467677";"-39.2014183"
"1560";"-6.6393281";"-38.7011452"
"1561";"-5.1884415";"-40.676681"
"1562";"-5.1798852";"-40.6626604"
"1563";"-5.1797192";"-40.6725055"
"1564";"-5.3947614";"-40.3090985"
"1565";"-4.791409";"-40.0649948"
"1566";"-4.8317511";"-40.319953"
"1567";"-6.3168976";"-40.1656446"
"1568";"-6.0076879";"-40.2935452"
"1569";"-6.0076879";"-40.2935452"
"1570";"-4.3580483";"-39.3137344"
"1571";"-4.3264643";"-40.1526633"
"1572";"-5.6729193";"-39.1878338"
"1573";"-4.9684385";"-39.0161259"
"1574";"-4.9686568";"-39.0277184"
"1575";"-4.9741179";"-39.0183513"
"1576";"-5.1899373";"-39.293991"
"1577";"-5.1919864";"-39.293399"
"1578";"-5.5850423";"-39.3708292"
"1579";"-4.5577922";"-37.7659142"
"1580";"-4.5611302";"-37.7690059"
"1581";"-4.182834";"-38.1300268"
"1582";"-4.131503";"-38.2458523"
"1583";"-4.131503";"-38.2458523"
"1584";"-4.0304584";"-38.3036892"
"1585";"-5.1443118";"-38.0850339"
"1586";"-5.0977503";"-38.3705014"
"1587";"-5.2439186";"-38.1285164"
"1588";"-4.9348878";"-37.9857007"
"1589";"-4.3719819";"-38.8104556"
"1590";"-3.742249";"-38.512631"
"1591";"-3.7545409";"-38.5980201"
"1592";"-4.2617476";"-38.933218"
"1593";"-4.5555507";"-38.928461"
"1594";"-4.2253011";"-38.9223587"
"1595";"-4.2239372";"-38.7294415"
"1596";"-3.6769195";"-39.3468642"
"1597";"-3.1184636";"-40.8303492"
"1598";"-2.9251693";"-39.9170098"
"1599";"-3.7496245";"-38.5213545"
"1600";"-3.4142906";"-39.0303806"
"1601";"-3.7931155";"-39.2695095"
"1602";"-4.1585177";"-40.7479513"
"1603";"-3.7300232";"-40.9926511"
"1604";"-3.8548582";"-40.9208016"
"1605";"-3.7545409";"-38.5980201"
"1606";"-3.7477459";"-39.7846869"
"1607";"-3.6895112";"-40.3485697"
"1608";"-3.6895112";"-40.3485697"
"1609";"-3.6895112";"-40.3485697"
"1610";"-3.9049565";"-38.3802703"
"1611";"-3.7328028";"-38.4792413"
"1612";"-3.7281443";"-38.6619214"
"1613";"-3.9721181";"-38.5250639"
"1614";"-3.8674127";"-38.6261113"
"1615";"-3.8674127";"-38.6261113"
"1616";"-3.8734894";"-38.6177714"
"1617";"-3.8918125";"-38.6832565"
"1618";"-3.8933356";"-38.6846999"
"1619";"-3.9847685";"-38.6203317"
"1620";"-3.9818748";"-38.6162702"
"1621";"-3.7318616";"-38.5266704"
"1622";"-3.7318616";"-38.5266704"
"1623";"-3.7370383";"-38.5819257"
"1624";"-3.7347852";"-38.4968203"
"1625";"-3.7957614";"-38.594872"
"1626";"-3.7900711";"-38.5660403"
"1627";"-3.7458284";"-38.5185109"
"1628";"-3.7378494";"-38.5361776"
"1629";"-3.7547653";"-38.5599658"
"1630";"-3.7318616";"-38.5266704"
"1631";"-3.8290927";"-38.4649317"
"1632";"-3.8404657";"-38.5191546"
"1633";"-3.791845";"-38.6257926"
"1634";"-3.7433994";"-38.5028735"
"1635";"-3.7318616";"-38.5266704"
"1636";"-3.7381372";"-38.476253"
"1637";"-3.7326925";"-38.4956557"
"1638";"-3.7318616";"-38.5266704"
"1639";"-3.7318616";"-38.5266704"
"1640";"-3.7251685";"-38.5503883"
"1641";"-3.7499492";"-38.5801304"
"1642";"-3.7882422";"-38.6107017"
"1643";"-3.7218325";"-38.5185763"
"1644";"-3.7177706";"-38.5689561"
"1645";"-3.7367959";"-38.5352319"
"1646";"-3.7318616";"-38.5266704"
"1647";"-3.7550568";"-38.5793613"
"1648";"-3.7253721";"-38.5095315"
"1649";"-3.743892";"-38.543799"
"1650";"-3.7318616";"-38.5266704"
"1651";"-4.1909303";"-38.4668287"
"1652";"-4.2891138";"-38.4989161"
"1653";"-7.2437286";"-39.4309167"
"1654";"-3.8674127";"-38.6261113"
"1655";"-3.8674127";"-38.6261113"
"1656";"-4.0376556";"-38.633264"
"1657";"-3.7281443";"-38.6619214"
"1658";"-3.9346936";"-38.6944534"
"1659";"-3.6714942";"-39.2395507"
"1660";"-3.4896927";"-39.5750895"
"1661";"-3.6843853";"-39.5862913"
"1662";"-3.9884823";"-39.5789395"
"1663";"-3.5690514";"-39.9666234"
"1664";"-3.9454376";"-39.436282"
"1665";"-3.4383637";"-39.1482174"
"1666";"-2.9143545";"-40.8582052"
"1667";"-2.9265536";"-40.17611"
"1668";"-3.283333";"-39.95"
"1669";"-2.7956223";"-40.5142274"
"1670";"-3.2267101";"-40.1226477"
"1671";"-4.7136883";"-37.3565399"
"1672";"-4.131503";"-38.2458523"
"1673";"-4.9413481";"-37.9780793"
"1674";"-4.769731";"-40.5098932"
"1675";"-5.6075712";"-38.7647508"
"1676";"-5.8891388";"-38.6230743"
"1677";"-5.4544752";"-38.4649708"
"1678";"-4.8318964";"-37.7813351"
"1679";"-5.0718723";"-37.98054"
"1680";"-4.677594";"-37.8255501"
"1681";"-5.5189184";"-38.2707613"
"1682";"-5.8115284";"-38.3102158"
"1683";"-4.3278092";"-38.8821152"
"1684";"-4.3666667";"-38.9166667"
"1685";"-4.4884722";"-38.5961761"
"1686";"-4.321961";"-39.0029929"
"1687";"-4.2255239";"-39.1915161"
"1688";"-4.5264611";"-39.6205089"
"1689";"-4.3580483";"-39.3137344"
"1690";"-4.0885278";"-39.2420414"
"1691";"-5.126138";"-39.7275328"
"1692";"-5.9205528";"-39.2586177"
"1693";"-5.9559546";"-39.0820806"
"1694";"-4.852037";"-39.5746425"
"1695";"-5.6729193";"-39.1878338"
"1696";"-4.975659";"-38.6364854"
"1697";"-4.8416971";"-39.139093"
"1698";"-4.8041517";"-38.7504315"
"1699";"-5.3947614";"-40.3090985"
"1700";"-5.5363404";"-40.7731445"
"1701";"-5.188081";"-40.6755769"
"1702";"-4.7876432";"-40.0653564"
"1703";"-4.7458699";"-40.9308451"
"1704";"-6.5716166";"-40.1181793"
"1705";"-5.8455516";"-40.703691"
"1706";"-5.9859839";"-40.2959472"
"1707";"-6.5252521";"-39.5263876"
"1708";"-6.7943548";"-39.2982103"
"1709";"-6.7894769";"-38.7185133"
"1710";"-3.7383524";"-38.5327269"
"1711";"-3.8641373";"-38.4880379"
"1712";"-6.0912285";"-39.4556214"
"1713";"-6.3610585";"-39.3000788"
"1714";"-7.5363266";"-39.1193137"
"1715";"-7.6855658";"-39.0054087"
"1716";"-7.2883077";"-40.4545503"
"1717";"-7.3462863";"-39.0419407"
"1718";"-6.988451";"-39.7484115"
"1719";"-7.0680151";"-40.3690399"
"1720";"-7.2456426";"-39.4342704"
"1721";"-7.2299572";"-39.4122984"
"1722";"-6.2810689";"-39.7415597"
"1723";"-7.4922979";"-38.9886076"
"1724";"-6.6819677";"-39.7592461"
"1725";"-7.3829178";"-38.7714517"
"1726";"-7.2113292";"-40.1378271"
"1727";"-7.5825259";"-39.2783533"
"1728";"-3.7587996";"-40.8239845"
"1729";"-4.4076872";"-40.4072415"
"1730";"-3.540118";"-40.4534665"
"1731";"-3.6895112";"-40.3485697"
"1732";"-4.0476129";"-40.7533176"
"1733";"-4.1942531";"-40.474444"
"1734";"-3.4604958";"-40.2078198"
"1735";"-3.9489642";"-40.4763889"
"1736";"-3.522756";"-40.3440621"
"1737";"-3.9151553";"-40.3851058"
"1738";"-3.7300232";"-40.9926511"
"1739";"-4.3220222";"-40.7092473"
"1740";"-4.1658865";"-40.9432583"
"1741";"-4.416456";"-40.903122"
"1742";"-19.2244767";"-40.8471836"
"1743";"-22.223561";"-54.8125486"
"1744";"-20.4697105";"-54.6201211"
"1745";"-21.1432893";"-48.9837789"
"1746";"-20.4697105";"-54.6201211"
"1747";"-18.9253941";"-54.8438521"
"1748";"-22.223561";"-54.8125486"
"1749";"-19.67511";"-51.1913338"
"1750";"-22.3050364";"-53.8189127"
"1751";"-22.5300773";"-55.7208391"
"1752";"-22.0804966";"-54.793886"
"1753";"-21.7163663";"-52.4225444"
"1754";"-15.9290015";"-48.8070798"
"1755";"-16.6841146";"-49.2654024"
"1756";"-20.4697105";"-54.6201211"
"1757";"-20.4697105";"-54.6201211"
"1758";"-19.3872935";"-54.5930467"
"1759";"-19.4474869";"-54.9863706"
"1760";"-20.6852728";"-55.2919567"
"1761";"-20.4697105";"-54.6201211"
"1762";"-20.3942378";"-54.5794198"
"1763";"-19.0081688";"-57.6515503"
"1764";"-26.9179735";"-49.067279"
"1765";"-26.9043777";"-49.0948258"
"1766";"-26.9207182";"-49.0659763"
"1767";"-28.2728105";"-49.1675405"
"1768";"-26.7736493";"-51.0132822"
"1769";"-26.1747168";"-50.3917184"
"1770";"-27.1628865";"-52.8812293"
"1771";"-26.90718";"-52.6979069"
"1772";"-27.2339498";"-52.026467"
"1773";"-28.6793787";"-49.3728373"
"1774";"-28.6727702";"-49.3733771"
"1775";"-27.2828672";"-50.5821317"
"1776";"-26.245658";"-53.63474"
"1777";"-27.7212144";"-48.5640686"
"1778";"-27.6080048";"-48.4763791"
"1779";"-27.6977418";"-48.4999508"
"1780";"-27.507113";"-48.5191124"
"1781";"-27.627642";"-48.6381081"
"1782";"-27.5965572";"-48.5462377"
"1783";"-27.5972421";"-48.5441486"
"1784";"-27.5808211";"-48.4345527"
"1785";"-27.5793175";"-48.5772459"
"1786";"-27.7505507";"-48.5102911"
"1787";"-27.1466161";"-48.5054851"
"1788";"-26.9105964";"-48.6709514"
"1789";"-26.9247807";"-48.6979834"
"1790";"-26.4757399";"-49.0828881"
"1791";"-26.4910608";"-49.0830018"
"1792";"-26.3731082";"-48.7203761"
"1793";"-26.2703014";"-48.640753"
"1794";"-26.299409";"-48.8503018"
"1795";"-27.8151053";"-50.329304"
"1796";"-27.8310551";"-50.3089091"
"1797";"-27.8050666";"-50.3766961"
"1798";"-27.8154629";"-50.326356"
"1799";"-28.4738345";"-48.7844423"
"1800";"-26.2224452";"-49.0727189"
"1801";"-26.7603502";"-53.1742848"
"1802";"-27.0721834";"-53.1599804"
"1803";"-26.9407638";"-49.3673386"
"1804";"-27.3590749";"-49.8826333"
"1805";"-27.1524653";"-52.3092544"
"1806";"-28.6165566";"-49.0241111"
"1807";"-28.6151023";"-49.0300669"
"1808";"-27.0237801";"-50.9204733"
"1809";"-26.7834322";"-52.0572712"
"1810";"-26.8751803";"-52.4040853"
"1811";"-3.6878825";"-40.347298"
"1812";"-3.6865561";"-40.3455639"
"1813";"-3.6895112";"-40.3485697"
"1814";"-3.6929367";"-40.3505625"
"1815";"-16.6868912";"-49.2647943"
"1816";"-16.6868912";"-49.2647943"
"1817";"-16.6868912";"-49.2647943"
"1818";"-16.6868912";"-49.2647943"
"1819";"-16.6868912";"-49.2647943"
"1820";"-16.6868912";"-49.2647943"
"1821";"-16.6868912";"-49.2647943"
"1822";"-16.6868912";"-49.2647943"
"1823";"-16.6868912";"-49.2647943"
"1824";"-16.6868912";"-49.2647943"
"1825";"-16.6868912";"-49.2647943"
"1826";"-16.6868912";"-49.2647943"
"1827";"-16.6868912";"-49.2647943"
"1828";"-16.7180049";"-49.3148171"
"1829";"-16.6868912";"-49.2647943"
"1830";"-7.2275629";"-35.8818156"
"1831";"-7.2223667";"-35.8734667"
"1832";"-7.2089439";"-35.8968058"
"1833";"-7.2727443";"-35.8860324"
"1834";"-7.2180808";"-35.8835269"
"1835";"-7.2223667";"-35.8734667"
"1836";"-7.2233083";"-35.8841677"
"1837";"-7.2233078";"-35.8926193"
"1838";"-7.2305631";"-35.9193673"
"1839";"-7.2223667";"-35.8734667"
"1840";"-25.4292563";"-49.2716136"
"1841";"-25.4214661";"-49.2327367"
"1842";"-25.4170575";"-49.2587302"
"1843";"-25.4401223";"-49.3069611"
"1844";"-25.4200388";"-49.2650973"
"1845";"-25.4321788";"-49.2743888"
"1846";"-25.4413694";"-49.2689657"
"1847";"-25.4263658";"-49.2421971"
"1848";"-25.425463";"-49.2863319"
"1849";"-25.4567891";"-49.2662618"
"1850";"-25.4553609";"-49.2967304"
"1851";"-25.4641993";"-49.3389799"
"1852";"-25.5338869";"-49.29241"
"1853";"-25.4250771";"-49.276539"
"1854";"-25.5079855";"-49.3253477"
"1855";"-25.3808323";"-49.2968748"
"1856";"-25.4277893";"-49.265392"
"1857";"-25.4297294";"-49.2768986"
"1858";"-25.5074549";"-49.2204197"
"1859";"-25.4608322";"-49.2664018"
"1860";"-25.4476708";"-49.2595486"
"1861";"-25.5205972";"-49.3500865"
"1862";"-25.4483705";"-49.2646416"
"1863";"-25.4200388";"-49.2650973"
"1864";"-25.5195091";"-49.2832081"
"1865";"-25.4187003";"-49.2472147"
"1866";"-25.4412552";"-49.2687787"
"1867";"-25.4640985";"-49.2840862"
"1868";"-25.5300017";"-49.2383044"
"1869";"-25.3969683";"-49.3462445"
"1870";"-29.7906476";"-55.7954085"
"1871";"-29.7807304";"-55.7926544"
"1872";"-23.4542498";"-46.5337925"
"1873";"-23.4661482";"-46.5327188"
"1874";"-23.4542498";"-46.5337925"
"1875";"-23.4542498";"-46.5337925"
"1876";"-23.4542498";"-46.5337925"
"1877";"-23.4542498";"-46.5337925"
"1878";"-23.4709233";"-46.5261332"
"1879";"-23.4542498";"-46.5337925"
"1880";"-9.975377";"-67.8248977"
"1881";"-9.975377";"-67.8248977"
"1882";"-9.9561841";"-67.8337972"
"1883";"-9.975377";"-67.8248977"
"1884";"-9.975377";"-67.8248977"
"1885";"-9.975377";"-67.8248977"
"1886";"-3.1190275";"-60.0217314"
"1887";"-3.0817004";"-60.0245385"
"1888";"-3.1190275";"-60.0217314"
"1889";"-4.2314555";"-69.9369359"
"1890";"0.0355735";"-51.070535"
"1891";"-0.0457826";"-51.1733673"
"1892";"-1.4557549";"-48.4901799"
"1893";"-1.4557549";"-48.4901799"
"1894";"-1.7221887";"-48.8792698"
"1895";"-2.4506291";"-54.7009228"
"1896";"-1.4557549";"-48.4901799"
"1897";"-1.4557549";"-48.4901799"
"1898";"-1.3666912";"-48.4137924"
"1899";"-3.1986664";"-52.2104006"
"1900";"-1.3836533";"-48.299187"
"1901";"-4.7783093";"-48.0673881"
"1902";"-5.3811357";"-49.1331024"
"1903";"-1.0126146";"-48.9507173"
"1904";"-2.4506291";"-54.7009228"
"1905";"-0.7306736";"-48.5019599"
"1906";"-4.2670701";"-55.9931173"
"1907";"-10.9147652";"-62.557576"
"1908";"-10.433045";"-62.1312982"
"1909";"-9.9061054";"-63.0330413"
"1910";"2.8286575";"-60.7194203"
"1911";"2.8185755";"-60.6974803"
"1912";"2.8058257";"-60.6793995"
"1913";"-15.7941454";"-47.8825479"
"1914";"-6.3248673";"-47.4228183"
"1915";"-10.249091";"-48.3242858"
"1916";"-10.7031252";"-48.4084386"
"1917";"-8.3933415";"-47.7730379"
"1918";"-10.1949714";"-48.3290199"
"1919";"-3.7318616";"-38.5266704"
"1920";"-7.9907141";"-34.8416216"
"1921";"-4.9271161";"-37.9724259"
"1922";"-7.9907141";"-34.8416216"
"1923";"-6.0076879";"-40.2935452"
"1924";"-8.0268002";"-34.8815663"
"1925";"-6.2434412";"-42.8437249"
"1926";"-7.9957272";"-34.8641063"
"1927";"-3.7959185";"-38.4832359"
"1928";"-3.7091947";"-38.5568439"
"1929";"-8.0441349";"-34.8860644"
"1930";"-7.0195554";"-42.1286746"
"1931";"-6.2251526";"-36.0196203"
"1932";"-5.886009";"-35.1729563"
"1933";"-8.0669707";"-34.8899441"
"1934";"-5.8529659";"-35.3530163"
"1935";"-4.1585177";"-40.7479513"
"1936";"-5.8027165";"-35.2037441"
"1937";"-8.0441349";"-34.8860644"
"1938";"-7.9907141";"-34.8416216"
"1939";"-3.7470536";"-38.4728553"
"1940";"-5.7792569";"-35.200916"
"1941";"-4.2617476";"-38.933218"
"1942";"-3.7545409";"-38.5980201"
"1943";"-8.0475458";"-34.8769621"
"1944";"-8.0475458";"-34.8769621"
"1945";"-8.0176985";"-34.8518167"
"1946";"-8.1721658";"-34.9986835"
"1947";"-5.2567924";"-36.7098789"
"1948";"-5.0920108";"-42.8037597"
"1949";"-3.7318616";"-38.5266704"
"1950";"-4.2719561";"-41.7719409"
"1951";"-4.4262284";"-41.4485533"
"1952";"-7.9907141";"-34.8416216"
"1953";"-5.7792569";"-35.200916"
"1954";"-8.8143859";"-42.5235765"
"1955";"-23.5835";"-46.6369012"
"1956";"-7.0917903";"-39.6796207"
"1957";"-6.7769318";"-43.0226015"
"1958";"-3.7318616";"-38.5266704"
"1959";"-5.0920108";"-42.8037597"
"1960";"-8.0454665";"-34.8887447"
"1961";"-8.0688812";"-37.2687288"
"1962";"-3.2696983";"-39.2684763"
"1963";"-3.7382304";"-38.5628339"
"1964";"-3.918248";"-40.3855851"
"1965";"-8.0475458";"-34.8769621"
"1966";"-7.9907141";"-34.8416216"
"1967";"-3.7318616";"-38.5266704"
"1968";"-8.0126099";"-34.8548287"
"1969";"-3.3605418";"-39.8291712"
"1970";"-8.0094148";"-34.9299881"
"1971";"-23.1851477";"-46.8760592"
"1972";"-5.0920108";"-42.8037597"
"1973";"-5.8483598";"-35.2095494"
"1974";"-3.7544444";"-38.5217736"
"1975";"-8.1115105";"-42.9521053"
"1976";"-6.8246163";"-41.7384592"
"1977";"-3.7281479";"-38.5258406"
"1978";"-26.3185676";"-48.8346642"
"1979";"-3.7354883";"-38.5249304"
"1980";"-8.0197292";"-34.9031566"
"1981";"-8.2941968";"-35.9691621"
"1982";"-7.2299572";"-39.4122984"
"1983";"-3.6837555";"-40.3571847"
"1984";"-3.7281479";"-38.5258406"
"1985";"-8.2813446";"-35.0316402"
"1986";"-5.5850423";"-39.3708292"
"1987";"-8.0060903";"-35.290758"
"1988";"-5.7879755";"-35.2027968"
"1989";"-4.1325461";"-38.2382764"
"1990";"-15.7941454";"-47.8825479"
"1991";"-8.8851217";"-36.4892267"
"1992";"-8.4192641";"-37.0529303"
"1993";"-6.0151371";"-37.4051555"
"1994";"-7.249652";"-39.1454394"
"1995";"-8.0292474";"-34.9037933"
"1996";"-8.0280556";"-34.9147222"
"1997";"-7.9935565";"-34.8941746"
"1998";"-8.0636111";"-34.8788889"
"1999";"-5.7932668";"-35.2147315"
"2000";"-8.0615351";"-34.8771352"
"2001";"-9.7473352";"-36.6723106"
"2002";"-9.7555596";"-36.6639697"
"2003";"-9.7555596";"-36.6639697"
"2004";"-9.3857595";"-37.9990194"
"2005";"-9.5780556";"-35.7691667"
"2006";"-9.586338";"-35.6644706"
"2007";"-9.6183789";"-35.7038265"
"2008";"-9.6688633";"-35.7275861"
"2009";"-9.6604555";"-35.7447829"
"2010";"-9.664018";"-35.7318349"
"2011";"-9.6294255";"-35.6997298"
"2012";"-9.6631846";"-35.7131161"
"2013";"-9.674597";"-35.7601638"
"2014";"-9.5780556";"-35.7691667"
"2015";"-9.7196565";"-35.8941134"
"2016";"-18.7185297";"-39.8494904"
"2017";"-10.4072429";"-36.4263497"
"2018";"-10.3995066";"-36.4167194"
"2019";"-7.11858";"-34.8418263"
"2020";"-7.2223667";"-35.8734667"
"2021";"-7.2223667";"-35.8734667"
"2022";"-6.3410254";"-37.7473057"
"2023";"-7.1562813";"-34.8557544"
"2024";"-7.1194958";"-34.8450118"
"2025";"-7.1194958";"-34.8450118"
"2026";"-7.1562813";"-34.8557544"
"2027";"-7.1194958";"-34.8450118"
"2028";"-7.11858";"-34.8418263"
"2029";"-7.1866245";"-35.684516"
"2030";"-10.9282674";"-37.0587398"
"2031";"-10.8970066";"-37.0576807"
"2032";"-10.9000587";"-37.0326534"
"2033";"-15.7941454";"-47.8825479"
"2034";"-11.4146233";"-39.4609999"
"2035";"-12.2631423";"-38.9656344"
"2036";"-12.1160641";"-38.4139922"
"2037";"-29.7826595";"-51.1460149"
"2038";"-12.2640777";"-38.9372297"
"2039";"-12.0067465";"-44.7006753"
"2040";"-12.1783127";"-43.2170814"
"2041";"-11.2178852";"-41.884646"
"2042";"-12.5998884";"-38.9590506"
"2043";"-12.5637527";"-41.3907233"
"2044";"-14.8619237";"-40.8445346"
"2045";"-12.24705";"-38.9749573"
"2046";"-12.5998884";"-38.9590506"
"2047";"-13.0010601";"-38.5033214"
"2048";"-12.7870345";"-38.403295"
"2049";"-13.2510143";"-43.4111487"
"2050";"-12.5637527";"-41.3907233"
"2051";"-12.9722286";"-38.5014201"
"2052";"-16.3435452";"-39.5804725"
"2053";"-12.7870345";"-38.403295"
"2054";"-12.1564983";"-39.7363028"
"2055";"-12.8645269";"-38.305523"
"2056";"-11.3393448";"-38.9586018"
"2057";"-14.7935051";"-39.0463797"
"2058";"-14.8619237";"-40.8445346"
"2059";"-11.3037498";"-41.8538408"
"2060";"-12.9731192";"-38.5084538"
"2061";"-12.9735217";"-38.5027344"
"2062";"-12.9722286";"-38.5014201"
"2063";"-12.9722089";"-38.5084353"
"2064";"-12.9722089";"-38.5084353"
"2065";"-12.9748941";"-38.5103479"
"2066";"-12.9657397";"-38.4186566"
"2067";"-12.9610135";"-38.5039847"
"2068";"-12.9722286";"-38.5014201"
"2069";"-13.0023029";"-38.497737"
"2070";"-23.5835";"-46.6369012"
"2071";"-12.9722286";"-38.5014201"
"2072";"-12.9467146";"-38.374547"
"2073";"-12.9722286";"-38.5014201"
"2074";"-12.9722286";"-38.5014201"
"2075";"-12.9445711";"-38.4181983"
"2076";"-12.9722286";"-38.5014201"
"2077";"-12.9906494";"-38.5174694"
"2078";"-12.9722286";"-38.5014201"
"2079";"-12.9722286";"-38.5014201"
"2080";"-12.9722286";"-38.5014201"
"2081";"-13.0014285";"-38.5004416"
"2082";"-12.9865317";"-38.5210922"
"2083";"-1.5319911";"-45.0810881"
"2084";"-8.0475458";"-34.8769621"
"2085";"-8.0475458";"-34.8769621"
"2086";"-8.0605071";"-34.880769"
"2087";"-3.7419196";"-38.5289204"
"2088";"-12.9164634";"-38.3653002"
"2089";"-5.0920108";"-42.8037597"
"2090";"-7.9802259";"-38.2829748"
"2091";"-4.0397369";"-38.634828"
"2092";"-5.1761576";"-40.6647305"
"2093";"-5.7852859";"-35.3288318"
"2094";"-12.9928309";"-38.5232871"
"2095";"-6.6716249";"-36.4223502"
"2096";"-8.1220486";"-34.9052418"
"2097";"-9.410624";"-36.0810361"
"2098";"-7.2290365";"-39.3124461"
"2099";"-6.8897071";"-38.5612185"
"2100";"-6.7850607";"-38.0806009"
"2101";"-3.8572601";"-38.6241411"
"2102";"-11.1669531";"-61.900111"
"2103";"-7.2351759";"-39.4134497"
"2104";"-8.8476496";"-35.5687912"
"2105";"-4.9674124";"-39.0091576"
"2106";"-12.5637527";"-41.3907233"
"2107";"-7.2109691";"-36.8259904"
"2108";"-6.5575945";"-36.5895545"
"2109";"-10.4580968";"-40.1875308"
"2110";"-5.8889577";"-42.637341"
"2111";"-5.8889577";"-42.637341"
"2112";"-5.7849718";"-35.1969858"
"2113";"-7.4807541";"-36.666333"
"2114";"-2.5253262";"-44.2989809"
"2115";"-4.8671794";"-43.3586733"
"2116";"-2.5369551";"-44.2959624"
"2117";"-23.5505199";"-46.6333094"
"2118";"-3.2114318";"-45.0013404"
"2119";"-2.5396008";"-44.2267862"
"2120";"-3.7354883";"-38.5249304"
"2121";"-5.5356705";"-47.4821436"
"2122";"-2.5391099";"-44.2829046"
"2123";"-8.0165039";"-34.8530779"
"2124";"-9.560719";"-35.7240222"
"2125";"-6.3418834";"-47.3966061"
"2126";"-8.075";"-34.8880556"
"2127";"-2.5372259";"-44.2916687"
"2128";"-15.7941454";"-47.8825479"
"2129";"-5.0920108";"-42.8037597"
"2130";"-9.6294255";"-35.6997298"
"2131";"-2.5300615";"-44.2805822"
"2132";"-2.5391099";"-44.2829046"
"2133";"-12.9739668";"-38.5084192"
"2134";"-7.1210526";"-34.8775904"
"2135";"-23.5239623";"-46.8411243"
"2136";"-21.1704008";"-47.8103238"
"2137";"-23.5505199";"-46.6333094"
"2138";"-23.6742228";"-46.5436003"
"2139";"-23.5505199";"-46.6333094"
"2140";"-23.5505199";"-46.6333094"
"2141";"-23.5505199";"-46.6333094"
"2142";"-23.5505199";"-46.6333094"
"2143";"-23.5505199";"-46.6333094"
"2144";"-23.5505199";"-46.6333094"
"2145";"-23.5505199";"-46.6333094"
"2146";"-23.5505199";"-46.6333094"
"2147";"-23.7955556";"-45.4147512"
"2148";"-22.9099384";"-47.0626332"
"2149";"-22.4149023";"-47.5651394"
"2150";"-23.5505199";"-46.6333094"
"2151";"-23.5505199";"-46.6333094"
"2152";"-21.1704008";"-47.8103238"
"2153";"-23.5505199";"-46.6333094"
"2154";"-23.5505199";"-46.6333094"
"2155";"-23.5505199";"-46.6333094"
"2156";"-23.5505199";"-46.6333094"
"2157";"-23.5505199";"-46.6333094"
"2158";"-24.7097796";"-47.556614"
"2159";"-20.8990077";"-51.3797039"
"2160";"-23.5239623";"-46.8411243"
"2161";"-23.5505199";"-46.6333094"
"2162";"-23.5505199";"-46.6333094"
"2163";"-23.5505199";"-46.6333094"
"2164";"-23.5505199";"-46.6333094"
"2165";"-23.5505199";"-46.6333094"
"2166";"-23.5505199";"-46.6333094"
"2167";"-22.9099384";"-47.0626332"
"2168";"-23.5505199";"-46.6333094"
"2169";"-24.5113085";"-48.8447394"
"2170";"-23.9540376";"-46.3354875"
"2171";"-23.3969682";"-46.3204265"
"2172";"-23.5505199";"-46.6333094"
"2173";"-23.5505199";"-46.6333094"
"2174";"-20.2114472";"-50.9271859"
"2175";"-23.5505199";"-46.6333094"
"2176";"-20.811761";"-49.3762272"
"2177";"-22.9702933";"-46.9978148"
"2178";"-22.9099384";"-47.0626332"
"2179";"-23.2210152";"-45.3094244"
"2180";"-23.5505199";"-46.6333094"
"2181";"-23.5505199";"-46.6333094"
"2182";"-23.5505199";"-46.6333094"
"2183";"-23.5505199";"-46.6333094"
"2184";"-23.5505199";"-46.6333094"
"2185";"-23.6274817";"-46.5489614"
"2186";"-23.2021596";"-45.8913736"
"2187";"-23.5612026";"-46.6744162"
"2188";"-22.8008938";"-47.0213577"
"2189";"-23.5574716";"-46.6341184"
"2190";"-23.5428037";"-46.6464986"
"2191";"-23.4711424";"-46.6632594"
"2192";"-23.5505199";"-46.6333094"
"2193";"-23.5505199";"-46.6333094"
"2194";"-23.5391693";"-46.6715395"
"2195";"-23.5417699";"-46.6331274"
"2196";"-23.6179843";"-46.482394"
"2197";"-23.5505199";"-46.6333094"
"2198";"-23.5553234";"-46.6411851"
"2199";"-23.5417699";"-46.6331274"
"2200";"-23.6094313";"-46.6932236"
"2201";"-23.5316805";"-46.3439157"
"2202";"-23.5549055";"-46.6567459"
"2203";"-22.7399013";"-45.5926584"
"2204";"-23.5570827";"-46.6463975"
"2205";"-21.7589038";"-48.8343718"
"2206";"-23.5960189";"-46.5446076"
"2207";"-23.5269285";"-46.6057804"
"2208";"-23.5505199";"-46.6333094"
"2209";"-23.5745211";"-46.7293539"
"2210";"-23.5505199";"-46.6333094"
"2211";"-23.6104023";"-46.4725545"
"2212";"-23.5505199";"-46.6333094"
"2213";"-23.5505199";"-46.6333094"
"2214";"-23.5746819";"-46.6783167"
"2215";"-23.5505199";"-46.6333094"
"2216";"-23.5745211";"-46.7293539"
"2217";"-22.4108599";"-50.5724645"
"2218";"-23.6416512";"-46.780667"
"2219";"-23.5727778";"-46.6527778"
"2220";"-23.691313";"-46.4352186"
"2221";"-23.5505199";"-46.6333094"
"2222";"-23.668163";"-46.4617086"
"2223";"-23.6655868";"-46.5239696"
"2224";"-23.5276015";"-46.5499285"
"2225";"-23.5616453";"-46.71946"
"2226";"-22.9099384";"-47.0626332"
"2227";"-21.2219344";"-43.7706811"
"2228";"-19.9229694";"-43.9365255"
"2229";"-21.944485";"-43.4088331"
"2230";"-19.9170716";"-43.9187695"
"2231";"-19.9367916";"-43.9222157"
"2232";"-19.8527226";"-43.9559969"
"2233";"-19.974729";"-43.9719362"
"2234";"-19.9644356";"-43.973473"
"2235";"-20.0572603";"-43.9188609"
"2236";"-19.9103355";"-43.931756"
"2237";"-19.9100467";"-43.9174448"
"2238";"-19.9019204";"-43.9767155"
"2239";"-17.3624793";"-44.9663359"
"2240";"-21.3928819";"-42.6900532"
"2241";"-21.3928819";"-42.6900532"
"2242";"-19.9191013";"-43.9386094"
"2243";"-16.5032655";"-44.8100363"
"2244";"-21.3928819";"-42.6900532"
"2245";"-20.5059649";"-43.8553274"
"2246";"-22.210281";"-45.2630107"
"2247";"-18.2417878";"-43.6035051"
"2248";"-19.3739393";"-42.1125279"
"2249";"-20.1451261";"-44.8916447"
"2250";"-16.9887521";"-42.3572057"
"2251";"-21.3054884";"-46.7084932"
"2252";"-19.6244172";"-43.2316363"
"2253";"-19.6244172";"-43.2316363"
"2254";"-20.0822785";"-44.5805309"
"2255";"-15.4806094";"-44.3642956"
"2256";"-21.7624237";"-43.3433999"
"2257";"-20.3769988";"-43.4144438"
"2258";"-18.2417878";"-43.6035051"
"2259";"-20.5255014";"-43.7032124"
"2260";"-20.3800546";"-43.5124556"
"2261";"-17.2256262";"-46.8714947"
"2262";"-15.7408794";"-43.0284859"
"2263";"-22.2270778";"-45.9393716"
"2264";"-19.833333";"-43.833333"
"2265";"-22.2525875";"-45.7041829"
"2266";"-19.1667136";"-43.7223593"
"2267";"-18.6049294";"-43.3806453"
"2268";"-18.6049294";"-43.3806453"
"2269";"-19.283957";"-42.0100938"
"2270";"-19.7473668";"-47.939154"
"2271";"-21.7645101";"-43.3511894"
"2272";"-19.7473668";"-47.939154"
"2273";"-18.8989962";"-48.2653513"
"2274";"-18.9146078";"-48.2753801"
"2275";"-20.7548659";"-42.8785788"
"2276";"-20.752526";"-42.8862194"
"2277";"-18.9776542";"-49.4644006"
"2278";"-19.9170716";"-43.9187695"
"2279";"-18.2053782";"-45.2319544"
"2280";"-21.0110383";"-42.8376571"
"2281";"-18.9776542";"-49.4644006"
"2282";"-19.9126975";"-43.8935833"
"2283";"-20.4082085";"-44.0278771"
"2284";"-23.2128313";"-46.8372277"
"2285";"-18.8429289";"-46.790579"
"2286";"-18.8549317";"-41.9559233"
"2287";"-19.9189914";"-43.9290932"
"2288";"-22.8272883";"-43.0637646"
"2289";"-22.8858975";"-43.1152211"
"2290";"-22.9082998";"-43.1970773"
"2291";"-22.7713754";"-43.3770225"
"2292";"-22.9187156";"-43.1810512"
"2293";"-22.9082998";"-43.1970773"
"2294";"-22.7561319";"-43.4607419"
"2295";"-21.7530672";"-41.3368398"
"2296";"-22.9306453";"-43.2400595"
"2297";"-22.9015582";"-43.1332776"
"2298";"-22.7651444";"-43.5051885"
"2299";"-22.9208333";"-43.1736111"
"2300";"-22.9311158";"-43.1759607"
"2301";"-22.9082998";"-43.1970773"
"2302";"-22.6949214";"-43.4126877"
"2303";"-22.8966878";"-43.1870034"
"2304";"-22.9306453";"-43.2400595"
"2305";"-22.8592565";"-43.2536955"
"2306";"-22.9082998";"-43.1970773"
"2307";"-22.9082998";"-43.1970773"
"2308";"-22.9086111";"-43.2675"
"2309";"-22.7650451";"-43.4004744"
"2310";"-22.9629607";"-43.1703263"
"2311";"-22.9088923";"-43.1771378"
"2312";"-23.2200216";"-44.7204284"
"2313";"-22.9115605";"-43.1751894"
"2314";"-22.9088923";"-43.1771378"
"2315";"-22.9082998";"-43.1970773"
"2316";"-22.9381535";"-43.1906648"
"2317";"-22.9082998";"-43.1970773"
"2318";"-22.9073063";"-43.176788"
"2319";"-22.9381535";"-43.1906648"
"2320";"-22.8925";"-43.24"
"2321";"-22.9082998";"-43.1970773"
"2322";"-22.91";"-43.2025"
"2323";"-22.9082998";"-43.1970773"
"2324";"-22.9008333";"-43.205"
"2325";"-22.9761111";"-43.4941667"
"2326";"-22.8808705";"-43.0898857"
"2327";"-22.911935";"-43.1756657"
"2328";"-22.9082998";"-43.1970773"
"2329";"-22.9082998";"-43.1970773"
"2330";"-22.9160179";"-43.1818197"
"2331";"-22.9939248";"-43.2386802"
"2332";"-22.9140736";"-43.20411"
"2333";"-22.9082998";"-43.1970773"
"2334";"-22.9082998";"-43.1970773"
"2335";"-22.8372345";"-43.3288936"
"2336";"-22.9082939";"-43.2158588"
"2337";"-22.9088923";"-43.1771378"
"2338";"-22.5073145";"-44.1987982"
"2339";"-22.9036111";"-43.2388889"
"2340";"-22.9261203";"-43.2110285"
"2341";"-22.2333329";"-44.083333"
"2342";"-22.7230736";"-43.5546867"
"2343";"-22.8236138";"-43.075329"
"2344";"-19.7544422";"-40.3864993"
"2345";"-20.2976178";"-40.2957768"
"2346";"-20.6229866";"-40.4681821"
"2347";"-20.2976178";"-40.2957768"
"2348";"-18.3701359";"-40.8325095"
"2349";"-22.466667";"-43.866667"
"2350";"-20.2976178";"-40.2957768"
"2351";"-22.9082998";"-43.1970773"
"2352";"-20.9678604";"-42.0410655"
"2353";"-22.9082998";"-43.1970773"
"2354";"-22.9166667";"-43.25"
"2355";"-22.9082998";"-43.1970773"
"2356";"-22.9011184";"-43.1793763"
"2357";"-22.9082998";"-43.1970773"
"2358";"-22.9082998";"-43.1970773"
"2359";"-22.8385865";"-43.3643843"
"2360";"-23.521429";"-46.7030214"
"2361";"-22.5177053";"-44.0025719"
"2362";"-22.4511439";"-43.4621039"
"2363";"-22.4959628";"-44.0964367"
"2364";"-15.8519217";"-48.0420788"
"2365";"-15.8141076";"-47.9097832"
"2366";"-15.8244289";"-48.0934285"
"2367";"-15.8791225";"-48.0149799"
"2368";"-15.8280737";"-48.1022025"
"2369";"-15.8505874";"-47.9540337"
"2370";"-15.7989468";"-48.0955858"
"2371";"-23.5312179";"-46.6500567"
"2372";"-15.7941454";"-47.8825479"
"2373";"-23.5835";"-46.6369012"
"2374";"-15.7941454";"-47.8825479"
"2375";"-15.7941454";"-47.8825479"
"2376";"-15.7503351";"-47.8925725"
"2377";"-16.0505775";"-47.9680511"
"2378";"-16.6868912";"-49.2647943"
"2379";"-16.820257";"-49.2473044"
"2380";"-16.6436466";"-49.2605631"
"2381";"-15.7941454";"-47.8825479"
"2382";"-16.0196431";"-48.6001936"
"2383";"-18.409728";"-49.2162971"
"2384";"-23.5312179";"-46.6500567"
"2385";"-15.8511485";"-48.958874"
"2386";"-15.7941454";"-47.8825479"
"2387";"-15.1662377";"-49.8052858"
"2388";"-16.6868912";"-49.2647943"
"2389";"-15.8451732";"-48.9597301"
"2390";"-16.331784";"-48.9554708"
"2391";"-22.2312564";"-54.8241134"
"2392";"-23.5312179";"-46.6500567"
"2393";"-21.4661485";"-54.3829909"
"2394";"-20.4638954";"-54.6100547"
"2395";"-20.4697105";"-54.6201211"
"2396";"-20.4697105";"-54.6201211"
"2397";"-22.2238902";"-54.7966491"
"2398";"-20.4204712";"-54.6232804"
"2399";"-20.4492321";"-54.6061069"
"2400";"-15.594372";"-56.0953969"
"2401";"-13.075215";"-55.9091887"
"2402";"-16.0768443";"-57.6823043"
"2403";"-15.6112464";"-56.0871523"
"2404";"-16.0768443";"-57.6823043"
"2405";"-13.5564739";"-52.2691123"
"2406";"-23.5567252";"-46.6341524"
"2407";"-23.5835";"-46.6369012"
"2408";"-25.5427298";"-54.5857607"
"2409";"-24.9631385";"-53.467296"
"2410";"-25.44532";"-49.2602598"
"2411";"-25.4447708";"-49.1601271"
"2412";"-25.2981169";"-48.325343"
"2413";"-25.0811855";"-50.160883"
"2414";"-23.1833895";"-50.6502479"
"2415";"-25.5270343";"-48.502901"
"2416";"-25.4616542";"-49.2300798"
"2417";"-23.5312179";"-46.6500567"
"2418";"-25.531388";"-54.5866486"
"2419";"-25.4331706";"-49.2714702"
"2420";"-23.2648594";"-51.1422048"
"2421";"-23.5835";"-46.6369012"
"2422";"-23.5312179";"-46.6500567"
"2423";"-23.2784703";"-51.2830968"
"2424";"-25.4345428";"-49.2177022"
"2425";"-25.447614";"-49.2594458"
"2426";"-25.3376724";"-49.2626017"
"2427";"-23.0575338";"-51.0404285"
"2428";"-23.3053261";"-51.1866456"
"2429";"-23.3044524";"-51.1695824"
"2430";"-23.5243178";"-46.5255172"
"2431";"-30.5148529";"-53.4832168"
"2432";"-30.0472644";"-51.2065716"
"2433";"-30.0394414";"-51.2233996"
"2434";"-30.0408268";"-51.209108"
"2435";"-30.1528404";"-51.1352384"
"2436";"-23.5312179";"-46.6500567"
"2437";"-29.7678486";"-51.1508002"
"2438";"-31.7381566";"-52.3315863"
"2439";"-30.0349815";"-51.2049325"
"2440";"-23.5312179";"-46.6500567"
"2441";"-30.069644";"-51.2382609"
"2442";"-30.0346471";"-51.2176584"
"2443";"-28.1284607";"-52.3028543"
"2444";"-29.6873064";"-53.8154769"
"2445";"-30.0514335";"-51.194068"
"2446";"-29.3633646";"-50.8179553"
"2447";"-29.991901";"-51.0813677"
"2448";"-28.4042699";"-54.9669905"
"2449";"-30.0356623";"-51.2281264"
"2450";"-31.3279337";"-54.099834"
"2451";"-30.0346471";"-51.2176584"
"2452";"-30.0713422";"-51.1732323"
"2453";"-31.7650989";"-52.3380359"
"2454";"-29.6810569";"-53.8193352"
"2455";"-29.1641221";"-51.5057286"
"2456";"-31.3628478";"-51.9818027"
"2457";"-30.0817407";"-51.2415167"
"2458";"-33.5240055";"-53.3713138"
"2459";"-32.15";"-52.2"
"2460";"-26.9080156";"-48.655038"
"2461";"-29.113945";"-49.6360491"
"2462";"-27.7556754";"-48.5062207"
"2463";"-27.8228833";"-50.3082687"
"2464";"-27.5959165";"-48.5482071"
"2465";"-26.6331437";"-48.6846618"
"2466";"-26.2404592";"-48.6388486"
"2467";"-27.8194224";"-50.3403375"
"2468";"-27.5949884";"-48.5481743"
"2469";"-27.1743773";"-51.5054475"
"2470";"-27.5949884";"-48.5481743"
"2471";"-27.6002873";"-48.5485557"
"2472";"-26.2457369";"-48.6400805"
"2473";"-26.1770819";"-50.3954885"
"2474";"-26.8505526";"-52.9957317"
"2475";"-27.222343";"-49.6489668"
"2476";"-29.5443762";"-49.8900356"
"2477";"-26.4910608";"-49.0830018"
"2478";"-27.5943903";"-48.5475366"
"2479";"-27.2298879";"-52.0216498"
"2480";"-2.5349846";"-44.2783882"
"2481";"-29.157144";"-51.1803621"
"2482";"-23.5549518";"-46.6568116"
"2483";"-19.7544422";"-40.3864993"
"2484";"-12.9722286";"-38.5014201"
"2485";"-19.9191013";"-43.9386094"
"2486";"-23.5318194";"-46.7226899"
"2487";"-8.0153066";"-34.8496975"
"2488";"-3.4142906";"-39.0303806"
"2489";"-22.8858975";"-43.1152211"
"2490";"-23.2210152";"-45.3094244"
"2491";"-23.5678891";"-46.6578538"
"2492";"-22.9782369";"-43.2334128"
"2493";"-23.5973291";"-46.5713512"
"2494";"-7.2067019";"-36.8248302"
"2495";"-23.5583511";"-46.64522"
"2496";"-20.3563835";"-40.3460151"
"2497";"-23.0224384";"-45.5376612"
"2498";"-23.546586";"-46.6407556"
"2499";"-5.7792569";"-35.200916"
"2500";"-27.5833383";"-48.5252254"
"2501";"-8.0082763";"-34.8579566"
"2502";"-23.5664523";"-46.7105716"
"2503";"-19.9110137";"-43.9245211"
"2504";"-22.0092584";"-47.8868674"
"2505";"-22.9082998";"-43.1970773"
"2506";"-22.4074571";"-43.6613985"
"2507";"-6.7769318";"-43.0226015"
"2508";"-15.8116499";"-48.0647009"
"2509";"-15.8690173";"-48.0623598"
"2510";"-15.7941454";"-47.8825479"
"2511";"-16.3294087";"-48.9502542"
"2512";"-16.6868912";"-49.2647943"
"2513";"-20.47556";"-54.6104555"
"2514";"-15.8919722";"-52.263827"
"2515";"-13.5564739";"-52.2691123"
"2516";"-15.6014109";"-56.0978917"
"2517";"-9.670264";"-35.7276575"
"2518";"-9.6661255";"-35.7365933"
"2519";"-12.5649323";"-41.3926917"
"2520";"-12.9558275";"-38.455074"
"2521";"-3.7283855";"-38.5045425"
"2522";"-3.7318616";"-38.5266704"
"2523";"-3.7257636";"-38.5036643"
"2524";"-3.7281479";"-38.5258406"
"2525";"-7.0917903";"-39.6796207"
"2526";"-3.7104966";"-38.5522475"
"2527";"-4.3580483";"-39.3137344"
"2528";"-7.125766";"-34.8841624"
"2529";"-8.0566065";"-34.8721636"
"2530";"-8.0451724";"-34.9441691"
"2531";"-8.0171147";"-34.8499997"
"2532";"-8.0574026";"-34.8795581"
"2533";"-8.0082763";"-34.8579566"
"2534";"-6.7761912";"-43.0134165"
"2535";"-5.0920108";"-42.8037597"
"2536";"-8.2508286";"-73.2254576"
"2537";"-8.2508286";"-73.2254576"
"2538";"0.0355735";"-51.070535"
"2539";"-1.4438354";"-48.4783534"
"2540";"-2.428103";"-54.738409"
"2541";"-9.9133184";"-63.0343869"
"2542";"2.8311819";"-60.6777357"
"2543";"-19.8527226";"-43.9559969"
"2544";"-19.9110137";"-43.9245211"
"2545";"-19.9620615";"-43.931756"
"2546";"41.1580548";"-8.5917578"
"2547";"-22.2884065";"-42.53196"
"2548";"-22.7594444";"-43.45"
"2549";"-22.9082998";"-43.1970773"
"2550";"-21.7530672";"-41.3368398"
"2551";"-22.8858975";"-43.1152211"
"2552";"-22.9110427";"-43.1837697"
"2553";"-22.4101741";"-43.6608528"
"2554";"-22.2887261";"-42.5340796"
"2555";"-22.8575674";"-43.2303843"
"2556";"-23.6228759";"-46.7816647"
"2557";"-23.5570827";"-46.6463975"
"2558";"-23.5440787";"-46.6412874"
"2559";"-23.5458664";"-46.6466581"
"2560";"-23.5652778";"-46.6913889"
"2561";"-23.5449103";"-46.6446962"
"2562";"-23.5271139";"-46.6596712"
"2563";"-23.5664022";"-46.6561559"
"2564";"-23.5561496";"-46.6974838"
"2565";"-23.5505199";"-46.6333094"
"2566";"-23.5615304";"-46.6833103"
"2567";"-23.5580731";"-46.6923642"
"2568";"-23.5870563";"-46.6357437"
"2569";"-23.6138244";"-46.5686684"
"2570";"-23.2021596";"-45.8913736"
"2571";"-22.0087175";"-47.8909142"
"2572";"-23.0355228";"-45.5662212"
"2573";"-23.5404887";"-46.702634"
"2574";"-22.8533412";"-47.2147082"
"2575";"-22.8211508";"-47.2667341"
"2576";"-23.565";"-46.7069444"
"2577";"-23.5505199";"-46.6333094"
"2578";"-23.559776";"-46.6835498"
"2579";"-24.9577771";"-53.4595112"
"2580";"-25.4429907";"-49.2624896"
"2581";"-25.4228433";"-49.2475799"
"2582";"-30.0293473";"-51.2168558"
"2583";"-29.6873064";"-53.8154769"
"2584";"-30.0297699";"-51.2257839"
"2585";"-29.7549941";"-51.150283"
"2586";"-27.5883798";"-48.5254306"
"2587";"-27.5949884";"-48.5481743"
"2588";"-22.7405492";"-43.4848806"
"2589";"-20.2686362";"-40.297706"
"2590";"-23.5570827";"-46.6463975"
"2591";"-10.9282674";"-37.0587398"
"2592";"-7.2290365";"-39.3124461"
"2593";"-7.11858";"-34.8418263"
"2594";"-15.8451732";"-48.9597301"
"2595";"-15.7941454";"-47.8825479"
"2596";"-22.9886207";"-47.1326949"
"2597";"-19.7510205";"-47.9377063"
"2598";"-4.2621258";"-38.9376737"
"2599";"-20.4639338";"-54.607882"
"2600";"-23.3058194";"-47.1367011"
"2601";"-30.0408268";"-51.209108"
"2602";"-15.7941454";"-47.8825479"
"2603";"-23.5626903";"-46.6664946"
"2604";"-9.4054676";"-36.6315651"
"2605";"-22.8280378";"-47.0887755"
"2606";"-8.0466413";"-34.892149"
"2607";"0.0355735";"-51.070535"
"2608";"0.0355735";"-51.070535"
"2609";"0.0355735";"-51.070535"
"2610";"-1.451718";"-48.4731319"
"2611";"-1.4557549";"-48.4901799"
"2612";"-1.4557549";"-48.4901799"
"2613";"-22.9010229";"-43.2409022"
"2614";"-22.9010229";"-43.2409022"
"2615";"-22.9010229";"-43.2409022"
"2616";"-15.5971967";"-56.0963692"
"2617";"-2.9024344";"-41.7777678"
"2618";"-19.0081688";"-57.6515503"
"2619";"-12.9724111";"-38.509229"
"2620";"-8.2849639";"-35.9701874"
"2621";"-22.8858975";"-43.1152211"
"2622";"-22.8920049";"-43.1213954"
"2623";"-22.8920049";"-43.1213954"
"2624";"-12.5476514";"-38.7140324"
"2625";"-12.5476514";"-38.7140324"
"2626";"-12.5476514";"-38.7140324"
"2627";"-8.0566065";"-34.8721636"
"2628";"-10.050833";"-54.931944"
"2629";"-13.5564739";"-52.2691123"
"2630";"-6.7532979";"-51.0862378"
"2631";"-10.2439058";"-54.9919731"
"2632";"-22.6372275";"-54.8214352"
"2633";"-23.1083899";"-55.2256504"
"2634";"-22.040956";"-54.6162595"
"2635";"-23.8907943";"-54.4064549"
"2636";"-21.6985286";"-57.8841108"
"2637";"-20.6852728";"-55.2919567"
"2638";"-20.235958";"-56.3751037"
"2639";"-20.4670046";"-55.7872944"
"2640";"-22.1518871";"-49.3360601"
"2641";"-23.7955556";"-45.4147512"
"2642";"-24.3124682";"-47.0016524"
"2643";"-24.2771317";"-47.4629141"
"2644";"-21.9340017";"-50.5195856"
"2645";"-23.7047572";"-49.4823246"
"2646";"-19.8205338";"-40.2768218"
"2647";"-23.0057347";"-44.3157591"
"2648";"-17.0594809";"-40.5803504"
"2649";"-25.3496458";"-54.2410116"
"2650";"-24.9423319";"-54.1056679"
"2651";"-24.5653768";"-51.3376784"
"2652";"-26.5663131";"-52.3276126"
"2653";"-25.942586";"-52.1747755"
"2654";"-25.3058565";"-52.5451827"
"2655";"-23.7222454";"-50.7480167"
"2656";"-23.7801031";"-49.9504226"
"2657";"-25.4200388";"-49.2650973"
"2658";"-27.1009343";"-52.615699"
"2659";"-26.5663131";"-52.3276126"
"2660";"-27.1569196";"-52.2995518"
"2661";"-27.055162";"-49.5197981"
"2662";"-27.4965056";"-48.6602688"
"2663";"-27.1009343";"-52.615699"
"2664";"-27.6644383";"-53.6411875"
"2665";"-27.5090526";"-52.6000147"
"2666";"-27.3694045";"-52.7760755"
"2667";"-27.5243826";"-52.8961061"
"2668";"-27.1955542";"-53.2548364"
"2669";"-27.7675359";"-51.6601755"
"2670";"-30.0824005";"-51.0199456"
"2671";"-30.2943851";"-51.301872"
"2672";"-28.5565273";"-54.5564098"
"2673";"-7.6279977";"-72.6761487"
"2674";"-8.939359";"-72.800273"
"2675";"-8.939359";"-72.800273"
"2676";"-8.939359";"-72.800273"
"2677";"-8.939359";"-72.800273"
"2678";"-7.6279977";"-72.6761487"
"2679";"-7.6279977";"-72.6761487"
"2680";"-7.6169473";"-72.9002755"
"2681";"-7.6279977";"-72.6761487"
"2682";"-8.1609244";"-70.7651846"
"2683";"-8.1609244";"-70.7651846"
"2684";"-9.975377";"-67.8248977"
"2685";"47.5514926";"-101.0020119"
"2686";"47.5514926";"-101.0020119"
"2687";"47.5514926";"-101.0020119"
"2688";"-8.1609244";"-70.7651846"
"2689";"-11.4346743";"-61.4566861"
"2690";"-10.8415249";"-61.460134"
"2691";"-10.789321";"-65.3301049"
"2692";"-3.1190275";"-60.0217314"
"2693";"-4.3670123";"-70.1907872"
"2694";"0.118611";"-67.084722"
"2695";"0.118611";"-67.084722"
"2696";"0.118611";"-67.084722"
"2697";"0.118611";"-67.084722"
"2698";"0.118611";"-67.084722"
"2699";"0.118611";"-67.084722"
"2700";"0.118611";"-67.084722"
"2701";"2.8235098";"-60.6758331"
"2702";"2.8235098";"-60.6758331"
"2703";"-12.9722286";"-38.5014201"
"2704";"-12.9722286";"-38.5014201"
"2705";"-14.7935051";"-39.0463797"
"2706";"-14.7935051";"-39.0463797"
